/*
 Navicat Premium Data Transfer

 Source Server         : 0000
 Source Server Type    : MySQL
 Source Server Version : 100335 (10.3.35-MariaDB)
 Source Host           : gin-vue.web.domain:3306
 Source Schema         : hzz_base

 Target Server Type    : MySQL
 Target Server Version : 100335 (10.3.35-MariaDB)
 File Encoding         : 65001

 Date: 20/11/2025 17:22:29
*/

SET NAMES utf8mb4;
SET FOREIGN_KEY_CHECKS = 0;

-- ----------------------------
-- Table structure for action
-- ----------------------------
DROP TABLE IF EXISTS `action`;
CREATE TABLE `action`  (
  `id` int NOT NULL AUTO_INCREMENT,
  `path` varchar(255) CHARACTER SET utf8 COLLATE utf8_general_ci NOT NULL DEFAULT '' COMMENT '动作路径',
  `remark` varchar(255) CHARACTER SET utf8 COLLATE utf8_general_ci NOT NULL DEFAULT '' COMMENT '备注',
  `green` tinyint(1) NOT NULL DEFAULT 0 COMMENT '免鉴权',
  `status` tinyint(1) NOT NULL DEFAULT 1 COMMENT '1 启用，0 禁用',
  `created` datetime NOT NULL DEFAULT current_timestamp COMMENT '创建时间',
  `updated` datetime NOT NULL DEFAULT current_timestamp ON UPDATE CURRENT_TIMESTAMP COMMENT '更新时间',
  PRIMARY KEY (`id`) USING BTREE,
  INDEX `index_path`(`path` ASC) USING BTREE
) ENGINE = InnoDB AUTO_INCREMENT = 109 CHARACTER SET = utf8 COLLATE = utf8_general_ci ROW_FORMAT = Dynamic;

-- ----------------------------
-- Records of action
-- ----------------------------
INSERT INTO `action` VALUES (1, '/base/user/sign-up', '', 1, 1, '2025-11-05 15:42:11', '2025-11-07 09:42:36');
INSERT INTO `action` VALUES (2, '/base/navtree/index', '', 1, 1, '2025-11-05 15:42:11', '2025-11-05 17:54:56');
INSERT INTO `action` VALUES (4, '/base/action/index', '', 0, 1, '2025-11-05 15:42:11', '2025-11-07 14:04:37');
INSERT INTO `action` VALUES (5, '/base/navtree/delete', '', 0, 1, '2025-11-05 15:42:11', '2025-11-05 15:42:11');
INSERT INTO `action` VALUES (6, '/base/navtree/save', '', 0, 1, '2025-11-05 15:42:11', '2025-11-05 15:42:11');
INSERT INTO `action` VALUES (7, '/base/role/delete', '', 0, 1, '2025-11-05 15:42:11', '2025-11-05 15:42:11');
INSERT INTO `action` VALUES (8, '/base/role/save', '', 0, 1, '2025-11-05 15:42:11', '2025-11-05 15:42:11');
INSERT INTO `action` VALUES (9, '/base/user/log-in', '', 1, 1, '2025-11-05 15:42:11', '2025-11-07 09:42:36');
INSERT INTO `action` VALUES (10, '/base/user/delete', '', 0, 1, '2025-11-05 15:42:11', '2025-11-05 15:42:11');
INSERT INTO `action` VALUES (11, '/base/role/edit', '', 0, 1, '2025-11-05 15:42:11', '2025-11-05 15:42:11');
INSERT INTO `action` VALUES (12, '/base/action/fetch', '', 0, 1, '2025-11-05 15:42:11', '2025-11-07 14:04:37');
INSERT INTO `action` VALUES (13, '/base/navtree/fetch', '', 1, 1, '2025-11-05 15:42:11', '2025-11-06 09:34:49');
INSERT INTO `action` VALUES (14, '/base/role/access-save', '', 0, 1, '2025-11-05 15:42:11', '2025-11-05 15:42:11');
INSERT INTO `action` VALUES (15, '/base/role/index', '', 1, 1, '2025-11-05 15:42:11', '2025-11-05 17:54:56');
INSERT INTO `action` VALUES (17, '/base/user/save', '', 1, 1, '2025-11-05 15:42:11', '2025-11-07 09:42:36');
INSERT INTO `action` VALUES (18, '/base/action/batch-edit', '', 0, 1, '2025-11-05 15:42:11', '2025-11-05 15:42:11');
INSERT INTO `action` VALUES (19, '/base/action/batch-save', '', 0, 1, '2025-11-05 15:42:11', '2025-11-05 15:42:11');
INSERT INTO `action` VALUES (20, '/base/role/batch-delete', '', 0, 1, '2025-11-05 15:42:11', '2025-11-05 15:42:11');
INSERT INTO `action` VALUES (21, '/base/helper/fa-icon', '', 1, 1, '2025-11-05 15:42:11', '2025-11-07 10:28:12');
INSERT INTO `action` VALUES (22, '/base/user/fetch', '', 0, 1, '2025-11-05 15:42:11', '2025-11-07 09:42:55');
INSERT INTO `action` VALUES (24, '/base/action/delete', '', 0, 1, '2025-11-05 15:42:11', '2025-11-05 15:42:11');
INSERT INTO `action` VALUES (25, '/base/role/batch-save', '', 0, 1, '2025-11-05 15:42:11', '2025-11-05 15:42:11');
INSERT INTO `action` VALUES (26, '/base/role/fetch', '', 1, 1, '2025-11-05 15:42:11', '2025-11-06 09:34:49');
INSERT INTO `action` VALUES (27, '/base/action/save', '', 0, 1, '2025-11-05 15:42:11', '2025-11-05 15:42:11');
INSERT INTO `action` VALUES (28, '/base/helper/playground', '', 1, 1, '2025-11-05 15:42:11', '2025-11-07 10:28:12');
INSERT INTO `action` VALUES (30, '/base/user/edit', '', 1, 1, '2025-11-05 15:42:11', '2025-11-07 09:42:36');
INSERT INTO `action` VALUES (31, '/base/user/index', '', 0, 1, '2025-11-05 15:42:11', '2025-11-07 09:42:55');
INSERT INTO `action` VALUES (32, '/base/action/batch-delete', '', 0, 1, '2025-11-05 15:42:11', '2025-11-05 15:42:11');
INSERT INTO `action` VALUES (33, '/base/action/edit', '', 0, 1, '2025-11-05 15:42:11', '2025-11-05 15:42:11');
INSERT INTO `action` VALUES (34, '/base/role/access', '', 0, 1, '2025-11-05 15:42:11', '2025-11-05 15:42:11');
INSERT INTO `action` VALUES (36, '/base/navtree/add', '', 0, 1, '2025-11-05 15:42:11', '2025-11-05 15:42:11');
INSERT INTO `action` VALUES (37, '/base/navtree/edit', '', 0, 1, '2025-11-05 15:42:11', '2025-11-05 15:42:11');
INSERT INTO `action` VALUES (38, '/base/role/batch-edit', '', 0, 1, '2025-11-05 15:42:11', '2025-11-05 15:42:11');
INSERT INTO `action` VALUES (40, '/base/helper/widget', '', 1, 1, '2025-11-05 15:42:11', '2025-11-07 10:28:12');
INSERT INTO `action` VALUES (41, '/base/role-user/delete', '', 0, 1, '2025-11-05 17:43:06', '2025-11-05 17:43:06');
INSERT INTO `action` VALUES (42, '/base/role-user/fetch', '', 1, 1, '2025-11-05 17:43:06', '2025-11-06 09:34:49');
INSERT INTO `action` VALUES (43, '/base/role-user/batch-edit', '', 0, 1, '2025-11-05 17:43:06', '2025-11-05 17:43:06');
INSERT INTO `action` VALUES (44, '/base/role-user/edit', '', 0, 1, '2025-11-05 17:43:06', '2025-11-05 17:43:06');
INSERT INTO `action` VALUES (45, '/base/role-user/index', '', 1, 1, '2025-11-05 17:43:06', '2025-11-05 17:54:56');
INSERT INTO `action` VALUES (46, '/base/role-user/save', '', 0, 1, '2025-11-05 17:43:06', '2025-11-05 17:43:06');
INSERT INTO `action` VALUES (47, '/base/role-user/batch-save', '', 0, 1, '2025-11-05 17:43:06', '2025-11-05 17:43:06');
INSERT INTO `action` VALUES (48, '/base/role-user/batch-delete', '', 0, 1, '2025-11-05 17:43:06', '2025-11-05 17:43:06');
INSERT INTO `action` VALUES (49, '/base/user/join', '', 1, 1, '2025-11-06 15:56:59', '2025-11-07 09:42:36');
INSERT INTO `action` VALUES (50, '/base/user/upload-avatar', '', 1, 1, '2025-11-06 16:23:51', '2025-11-07 09:42:36');
INSERT INTO `action` VALUES (51, '/base/user/get-avatar', '', 1, 1, '2025-11-06 16:43:49', '2025-11-07 09:42:36');
INSERT INTO `action` VALUES (54, '/base/trans/load', '', 1, 1, '2025-11-10 14:29:57', '2025-11-10 14:30:12');
INSERT INTO `action` VALUES (55, '/base/trans/init', '', 1, 1, '2025-11-10 14:29:57', '2025-11-10 14:30:12');
INSERT INTO `action` VALUES (57, '/res/vidc/index', '', 0, 1, '2025-11-10 17:00:14', '2025-11-10 17:00:14');
INSERT INTO `action` VALUES (58, '/res/ip/batch-edit', '', 0, 1, '2025-11-10 17:00:14', '2025-11-10 17:00:14');
INSERT INTO `action` VALUES (59, '/res/ip/edit', '', 0, 1, '2025-11-10 17:00:14', '2025-11-10 17:00:14');
INSERT INTO `action` VALUES (60, '/res/ip/fetch', '', 0, 1, '2025-11-10 17:00:14', '2025-11-10 17:00:14');
INSERT INTO `action` VALUES (61, '/res/vidc/edit', '', 0, 1, '2025-11-10 17:00:14', '2025-11-10 17:00:14');
INSERT INTO `action` VALUES (62, '/res/vidc-ip/edit', '', 0, 1, '2025-11-10 17:00:14', '2025-11-10 17:00:14');
INSERT INTO `action` VALUES (63, '/res/vidc-ip/save', '', 0, 1, '2025-11-10 17:00:14', '2025-11-10 17:00:14');
INSERT INTO `action` VALUES (64, '/res/ip/delete', '', 0, 1, '2025-11-10 17:00:14', '2025-11-10 17:00:14');
INSERT INTO `action` VALUES (65, '/res/ip/save', '', 0, 1, '2025-11-10 17:00:14', '2025-11-10 17:00:14');
INSERT INTO `action` VALUES (66, '/res/vidc/batch-delete', '', 0, 1, '2025-11-10 17:00:14', '2025-11-10 17:00:14');
INSERT INTO `action` VALUES (67, '/res/vidc/fetch', '', 0, 1, '2025-11-10 17:00:14', '2025-11-10 17:00:14');
INSERT INTO `action` VALUES (68, '/res/ip/index', '', 0, 1, '2025-11-10 17:00:14', '2025-11-10 17:00:14');
INSERT INTO `action` VALUES (69, '/res/vidc-ip/batch-edit', '', 0, 1, '2025-11-10 17:00:14', '2025-11-10 17:00:14');
INSERT INTO `action` VALUES (70, '/res/vidc-ip/batch-save', '', 0, 1, '2025-11-10 17:00:14', '2025-11-10 17:00:14');
INSERT INTO `action` VALUES (71, '/res/vidc-ip/delete', '', 0, 1, '2025-11-10 17:00:14', '2025-11-10 17:00:14');
INSERT INTO `action` VALUES (72, '/res/vidc-ip/index', '', 0, 1, '2025-11-10 17:00:14', '2025-11-10 17:00:14');
INSERT INTO `action` VALUES (73, '/res/vidc/batch-edit', '', 0, 1, '2025-11-10 17:00:14', '2025-11-10 17:00:14');
INSERT INTO `action` VALUES (74, '/res/ip/batch-save', '', 0, 1, '2025-11-10 17:00:14', '2025-11-10 17:00:14');
INSERT INTO `action` VALUES (75, '/res/ip/batch-delete', '', 0, 1, '2025-11-10 17:00:14', '2025-11-10 17:00:14');
INSERT INTO `action` VALUES (76, '/res/vidc-ip/fetch', '', 0, 1, '2025-11-10 17:00:14', '2025-11-10 17:00:14');
INSERT INTO `action` VALUES (77, '/res/vidc/delete', '', 0, 1, '2025-11-10 17:00:14', '2025-11-10 17:00:14');
INSERT INTO `action` VALUES (78, '/res/vidc/save', '', 0, 1, '2025-11-10 17:00:14', '2025-11-10 17:00:14');
INSERT INTO `action` VALUES (79, '/res/vidc-ip/batch-delete', '', 0, 1, '2025-11-10 17:00:14', '2025-11-10 17:00:14');
INSERT INTO `action` VALUES (80, '/res/vidc/batch-save', 'test', 0, 1, '2025-11-10 17:00:14', '2025-11-11 16:36:44');
INSERT INTO `action` VALUES (82, '/res/vidc-ip/list-ip', '', 0, 1, '2025-11-12 15:42:39', '2025-11-12 15:42:39');
INSERT INTO `action` VALUES (83, '/res/ip/flow', '', 0, 1, '2025-11-12 17:27:05', '2025-11-12 17:27:05');
INSERT INTO `action` VALUES (84, '/res/ip/dashboard', '', 0, 1, '2025-11-12 18:20:44', '2025-11-12 18:20:44');
INSERT INTO `action` VALUES (86, '/base/chart/index', '', 0, 1, '2025-11-13 13:46:51', '2025-11-14 10:04:53');
INSERT INTO `action` VALUES (87, '/res/service/batch-save', '', 0, 1, '2025-11-14 11:41:01', '2025-11-14 11:41:01');
INSERT INTO `action` VALUES (88, '/res/service/batch-delete', '', 0, 1, '2025-11-14 11:41:01', '2025-11-14 11:41:01');
INSERT INTO `action` VALUES (89, '/res/policy/batch-edit', '', 0, 1, '2025-11-14 11:41:01', '2025-11-14 11:41:01');
INSERT INTO `action` VALUES (90, '/res/service/batch-edit', '', 0, 1, '2025-11-14 11:41:01', '2025-11-14 11:41:01');
INSERT INTO `action` VALUES (91, '/res/policy/index', '', 0, 1, '2025-11-14 11:41:01', '2025-11-14 11:41:01');
INSERT INTO `action` VALUES (92, '/res/service/fetch', '', 0, 1, '2025-11-14 11:41:01', '2025-11-14 11:41:01');
INSERT INTO `action` VALUES (93, '/res/policy/save', 'test', 0, 1, '2025-11-14 11:41:01', '2025-11-18 15:28:34');
INSERT INTO `action` VALUES (94, '/res/policy/batch-delete', 'test', 0, 1, '2025-11-14 11:41:01', '2025-11-18 15:28:34');
INSERT INTO `action` VALUES (95, '/res/policy/edit', 'test', 0, 1, '2025-11-14 11:41:01', '2025-11-18 15:28:34');
INSERT INTO `action` VALUES (96, '/res/service/save', 'test', 0, 1, '2025-11-14 11:41:01', '2025-11-18 15:28:34');
INSERT INTO `action` VALUES (97, '/res/service/edit', 'test', 0, 1, '2025-11-14 11:41:01', '2025-11-18 15:28:34');
INSERT INTO `action` VALUES (98, '/res/service/delete', 'test', 0, 1, '2025-11-14 11:41:01', '2025-11-18 15:28:34');
INSERT INTO `action` VALUES (99, '/res/service/index', 'test', 0, 1, '2025-11-14 11:41:01', '2025-11-18 15:28:34');
INSERT INTO `action` VALUES (100, '/res/policy/batch-save', 'test', 0, 1, '2025-11-14 11:41:01', '2025-11-18 15:28:34');
INSERT INTO `action` VALUES (101, '/res/policy/fetch', 'test', 0, 1, '2025-11-14 11:41:01', '2025-11-18 15:28:34');
INSERT INTO `action` VALUES (102, '/res/policy/delete', 'test', 0, 1, '2025-11-14 11:41:01', '2025-11-18 15:28:34');
INSERT INTO `action` VALUES (103, '/base/user/set', '', 0, 1, '2025-11-20 15:39:24', '2025-11-20 15:39:24');
INSERT INTO `action` VALUES (104, '/base/user-log/edit', '', 0, 1, '2025-11-20 17:17:34', '2025-11-20 17:17:34');
INSERT INTO `action` VALUES (105, '/base/user-log/index', '', 0, 1, '2025-11-20 17:17:34', '2025-11-20 17:17:34');
INSERT INTO `action` VALUES (106, '/base/user-log/delete', '', 0, 1, '2025-11-20 17:17:34', '2025-11-20 17:17:34');
INSERT INTO `action` VALUES (107, '/base/user-log/fetch', '', 0, 1, '2025-11-20 17:17:34', '2025-11-20 17:17:34');
INSERT INTO `action` VALUES (108, '/base/user-log/save', '', 0, 1, '2025-11-20 17:17:34', '2025-11-20 17:17:34');

-- ----------------------------
-- Table structure for navtree
-- ----------------------------
DROP TABLE IF EXISTS `navtree`;
CREATE TABLE `navtree`  (
  `id` int NOT NULL AUTO_INCREMENT,
  `action_id` int NOT NULL DEFAULT 0,
  `parent_id` int NOT NULL DEFAULT 0,
  `level` int NOT NULL DEFAULT 0 COMMENT '0:0,1:菜单,2:页面 3:action',
  `name` varchar(256) CHARACTER SET utf8 COLLATE utf8_general_ci NOT NULL DEFAULT '',
  `key_path` varchar(512) CHARACTER SET utf8 COLLATE utf8_general_ci NOT NULL DEFAULT '',
  `icon` varchar(512) CHARACTER SET utf8 COLLATE utf8_general_ci NULL DEFAULT '',
  `rank` int NOT NULL DEFAULT 0,
  `status` tinyint NOT NULL DEFAULT 1 COMMENT '1 上线 0 下线',
  `created` datetime NOT NULL DEFAULT current_timestamp,
  `updated` datetime NOT NULL DEFAULT current_timestamp ON UPDATE CURRENT_TIMESTAMP,
  PRIMARY KEY (`id`) USING BTREE,
  INDEX `action`(`action_id` ASC) USING BTREE
) ENGINE = InnoDB AUTO_INCREMENT = 27 CHARACTER SET = utf8 COLLATE = utf8_general_ci ROW_FORMAT = Dynamic;

-- ----------------------------
-- Records of navtree
-- ----------------------------
INSERT INTO `navtree` VALUES (1, 0, 0, 0, '根', '', '', 0, 1, '2025-11-05 15:43:57', '2025-11-05 15:56:36');
INSERT INTO `navtree` VALUES (2, 0, 1, 1, '后台管理', '1', 'chalkboard-user', 100, 1, '2025-11-05 15:48:03', '2025-11-14 10:13:57');
INSERT INTO `navtree` VALUES (3, 0, 21, 2, '开发助手', '1_21', 'wrench', 0, 1, '2025-11-05 15:48:36', '2025-11-14 10:17:19');
INSERT INTO `navtree` VALUES (4, 21, 3, 3, 'icon列表', '1_21_3', '', 0, 1, '2025-11-05 15:49:19', '2025-11-14 10:17:19');
INSERT INTO `navtree` VALUES (5, 0, 2, 2, '框架管理', '1_2', 'folder-tree', 0, 1, '2025-11-05 15:50:12', '2025-11-14 10:13:57');
INSERT INTO `navtree` VALUES (6, 2, 5, 3, '导航树', '1_2_5', '', 0, 1, '2025-11-05 15:50:38', '2025-11-14 10:13:57');
INSERT INTO `navtree` VALUES (7, 4, 5, 3, '路由列表', '1_2_5', '', 0, 1, '2025-11-05 15:52:19', '2025-11-14 10:13:57');
INSERT INTO `navtree` VALUES (8, 40, 3, 3, '自定义组件', '1_21_3', '', 0, 1, '2025-11-05 15:53:04', '2025-11-14 10:17:19');
INSERT INTO `navtree` VALUES (9, 28, 3, 3, '练习场', '1_21_3', '', 100, 1, '2025-11-05 15:53:29', '2025-11-14 10:17:19');
INSERT INTO `navtree` VALUES (10, 0, 2, 2, '权限管理', '1_2', 'user-group', 0, 1, '2025-11-05 15:53:47', '2025-11-14 10:13:57');
INSERT INTO `navtree` VALUES (11, 31, 10, 3, '用户列表', '1_2_10', '', 0, 1, '2025-11-05 15:54:08', '2025-11-14 10:13:57');
INSERT INTO `navtree` VALUES (12, 15, 10, 3, '角色管理', '1_2_10', '', 0, 1, '2025-11-05 15:54:34', '2025-11-14 10:13:57');
INSERT INTO `navtree` VALUES (13, 45, 10, 3, '角色用户', '1_2_10', '', 0, 1, '2025-11-05 17:43:36', '2025-11-14 10:13:57');
INSERT INTO `navtree` VALUES (15, 0, 1, 1, '数据中心', '1', 'database', 0, 1, '2025-11-10 17:00:56', '2025-11-10 17:00:56');
INSERT INTO `navtree` VALUES (16, 0, 15, 2, '资源管理', '1_15', 'server', 0, 1, '2025-11-10 17:01:27', '2025-11-10 17:01:27');
INSERT INTO `navtree` VALUES (17, 68, 16, 3, 'IP管理', '1_15_16', '', 0, 1, '2025-11-10 17:01:46', '2025-11-10 17:01:46');
INSERT INTO `navtree` VALUES (18, 57, 16, 3, 'VIDC管理', '1_15_16', '', 0, 1, '2025-11-10 17:02:03', '2025-11-10 17:02:03');
INSERT INTO `navtree` VALUES (19, 72, 16, 3, 'VIDC-IP', '1_15_16', '', 0, 1, '2025-11-10 17:02:20', '2025-11-10 17:02:20');
INSERT INTO `navtree` VALUES (20, 86, 3, 3, 'Echarts示例', '1_21_3', '', 0, 1, '2025-11-13 13:47:22', '2025-11-14 10:17:19');
INSERT INTO `navtree` VALUES (21, 0, 1, 1, '基础服务', '1', 'bars-progress', 0, 1, '2025-11-14 10:16:55', '2025-11-14 10:16:55');
INSERT INTO `navtree` VALUES (22, 0, 15, 2, '策略管理', '1_15', 'code', 0, 1, '2025-11-14 11:42:02', '2025-11-14 11:42:02');
INSERT INTO `navtree` VALUES (23, 99, 22, 3, '服务管理', '1_15_22', '', 0, 1, '2025-11-14 11:42:22', '2025-11-14 11:42:22');
INSERT INTO `navtree` VALUES (24, 91, 22, 3, '策略管理', '1_15_22', '', 0, 1, '2025-11-14 11:42:37', '2025-11-14 11:42:37');
INSERT INTO `navtree` VALUES (25, 0, 21, 2, '审计', '1_21', 'user-clock', 0, 1, '2025-11-20 17:15:59', '2025-11-20 17:15:59');
INSERT INTO `navtree` VALUES (26, 105, 25, 3, '用户访问', '1_21_25', '', 0, 1, '2025-11-20 17:17:40', '2025-11-20 17:17:54');

-- ----------------------------
-- Table structure for role
-- ----------------------------
DROP TABLE IF EXISTS `role`;
CREATE TABLE `role`  (
  `id` int NOT NULL AUTO_INCREMENT,
  `name` varchar(256) CHARACTER SET utf8 COLLATE utf8_general_ci NOT NULL DEFAULT '',
  `remark` varchar(256) CHARACTER SET utf8 COLLATE utf8_general_ci NOT NULL DEFAULT '',
  `icon` varchar(255) CHARACTER SET utf8 COLLATE utf8_general_ci NOT NULL DEFAULT 'user',
  `status` tinyint(1) NOT NULL DEFAULT 1,
  `created` datetime NOT NULL DEFAULT current_timestamp,
  `updated` datetime NOT NULL DEFAULT current_timestamp ON UPDATE CURRENT_TIMESTAMP,
  PRIMARY KEY (`id`) USING BTREE
) ENGINE = InnoDB AUTO_INCREMENT = 4 CHARACTER SET = utf8 COLLATE = utf8_general_ci ROW_FORMAT = Dynamic;

-- ----------------------------
-- Records of role
-- ----------------------------
INSERT INTO `role` VALUES (1, 'admin', '管理员', 'user-tie', 1, '2025-11-05 16:55:05', '2025-11-05 16:55:05');
INSERT INTO `role` VALUES (2, 'dba', '数据管理员', 'database', 1, '2025-11-05 17:52:19', '2025-11-05 17:52:19');

-- ----------------------------
-- Table structure for role_action
-- ----------------------------
DROP TABLE IF EXISTS `role_action`;
CREATE TABLE `role_action`  (
  `id` int UNSIGNED NOT NULL AUTO_INCREMENT,
  `role_id` int NOT NULL DEFAULT 0,
  `action_id` int NOT NULL DEFAULT 0,
  `created` datetime NOT NULL DEFAULT current_timestamp,
  `updated` datetime NULL DEFAULT current_timestamp ON UPDATE CURRENT_TIMESTAMP,
  PRIMARY KEY (`id`) USING BTREE
) ENGINE = InnoDB AUTO_INCREMENT = 39 CHARACTER SET = utf8 COLLATE = utf8_general_ci ROW_FORMAT = Dynamic;

-- ----------------------------
-- Records of role_action
-- ----------------------------
INSERT INTO `role_action` VALUES (1, 2, 2, '2025-11-05 17:52:34', '2025-11-05 17:52:34');
INSERT INTO `role_action` VALUES (2, 2, 5, '2025-11-05 17:52:34', '2025-11-05 17:52:34');
INSERT INTO `role_action` VALUES (3, 2, 6, '2025-11-05 17:52:34', '2025-11-05 17:52:34');
INSERT INTO `role_action` VALUES (4, 2, 13, '2025-11-05 17:52:34', '2025-11-05 17:52:34');
INSERT INTO `role_action` VALUES (5, 2, 36, '2025-11-05 17:52:34', '2025-11-05 17:52:34');
INSERT INTO `role_action` VALUES (6, 2, 37, '2025-11-05 17:52:34', '2025-11-05 17:52:34');
INSERT INTO `role_action` VALUES (7, 2, 57, '2025-11-12 12:07:20', '2025-11-12 12:07:20');
INSERT INTO `role_action` VALUES (8, 2, 58, '2025-11-12 12:07:20', '2025-11-12 12:07:20');
INSERT INTO `role_action` VALUES (9, 2, 59, '2025-11-12 12:07:20', '2025-11-12 12:07:20');
INSERT INTO `role_action` VALUES (10, 2, 60, '2025-11-12 12:07:20', '2025-11-12 12:07:20');
INSERT INTO `role_action` VALUES (11, 2, 61, '2025-11-12 12:07:20', '2025-11-12 12:07:20');
INSERT INTO `role_action` VALUES (12, 2, 62, '2025-11-12 12:07:20', '2025-11-12 12:07:20');
INSERT INTO `role_action` VALUES (13, 2, 63, '2025-11-12 12:07:20', '2025-11-12 12:07:20');
INSERT INTO `role_action` VALUES (14, 2, 64, '2025-11-12 12:07:20', '2025-11-12 12:07:20');
INSERT INTO `role_action` VALUES (15, 2, 65, '2025-11-12 12:07:20', '2025-11-12 12:07:20');
INSERT INTO `role_action` VALUES (16, 2, 66, '2025-11-12 12:07:20', '2025-11-12 12:07:20');
INSERT INTO `role_action` VALUES (17, 2, 67, '2025-11-12 12:07:20', '2025-11-12 12:07:20');
INSERT INTO `role_action` VALUES (18, 2, 68, '2025-11-12 12:07:20', '2025-11-12 12:07:20');
INSERT INTO `role_action` VALUES (19, 2, 69, '2025-11-12 12:07:20', '2025-11-12 12:07:20');
INSERT INTO `role_action` VALUES (20, 2, 70, '2025-11-12 12:07:20', '2025-11-12 12:07:20');
INSERT INTO `role_action` VALUES (21, 2, 71, '2025-11-12 12:07:20', '2025-11-12 12:07:20');
INSERT INTO `role_action` VALUES (22, 2, 72, '2025-11-12 12:07:20', '2025-11-12 12:07:20');
INSERT INTO `role_action` VALUES (23, 2, 73, '2025-11-12 12:07:20', '2025-11-12 12:07:20');
INSERT INTO `role_action` VALUES (24, 2, 74, '2025-11-12 12:07:20', '2025-11-12 12:07:20');
INSERT INTO `role_action` VALUES (25, 2, 75, '2025-11-12 12:07:20', '2025-11-12 12:07:20');
INSERT INTO `role_action` VALUES (26, 2, 76, '2025-11-12 12:07:20', '2025-11-12 12:07:20');
INSERT INTO `role_action` VALUES (27, 2, 77, '2025-11-12 12:07:20', '2025-11-12 12:07:20');
INSERT INTO `role_action` VALUES (28, 2, 78, '2025-11-12 12:07:20', '2025-11-12 12:07:20');
INSERT INTO `role_action` VALUES (29, 2, 79, '2025-11-12 12:07:20', '2025-11-12 12:07:20');
INSERT INTO `role_action` VALUES (30, 2, 80, '2025-11-12 12:07:20', '2025-11-12 12:07:20');
INSERT INTO `role_action` VALUES (31, 2, 89, '2025-11-18 15:29:26', '2025-11-18 15:29:26');
INSERT INTO `role_action` VALUES (32, 2, 91, '2025-11-18 15:29:26', '2025-11-18 15:29:26');
INSERT INTO `role_action` VALUES (33, 2, 93, '2025-11-18 15:29:26', '2025-11-18 15:29:26');
INSERT INTO `role_action` VALUES (34, 2, 94, '2025-11-18 15:29:26', '2025-11-18 15:29:26');
INSERT INTO `role_action` VALUES (35, 2, 95, '2025-11-18 15:29:26', '2025-11-18 15:29:26');
INSERT INTO `role_action` VALUES (36, 2, 100, '2025-11-18 15:29:26', '2025-11-18 15:29:26');
INSERT INTO `role_action` VALUES (37, 2, 101, '2025-11-18 15:29:26', '2025-11-18 15:29:26');
INSERT INTO `role_action` VALUES (38, 2, 102, '2025-11-18 15:29:26', '2025-11-18 15:29:26');

-- ----------------------------
-- Table structure for role_user
-- ----------------------------
DROP TABLE IF EXISTS `role_user`;
CREATE TABLE `role_user`  (
  `id` int NOT NULL AUTO_INCREMENT,
  `role_id` int NOT NULL,
  `username` varchar(50) CHARACTER SET utf8 COLLATE utf8_general_ci NOT NULL,
  `remark` varchar(255) CHARACTER SET utf8 COLLATE utf8_general_ci NOT NULL DEFAULT '' COMMENT '备注',
  `status` tinyint(1) NOT NULL DEFAULT 1 COMMENT '启用状态',
  `created` timestamp NOT NULL DEFAULT current_timestamp,
  `updated` timestamp NOT NULL DEFAULT current_timestamp ON UPDATE CURRENT_TIMESTAMP,
  PRIMARY KEY (`id`) USING BTREE,
  UNIQUE INDEX `roleid_username`(`role_id` ASC, `username` ASC) USING BTREE
) ENGINE = InnoDB AUTO_INCREMENT = 6 CHARACTER SET = utf8 COLLATE = utf8_general_ci ROW_FORMAT = Dynamic;

-- ----------------------------
-- Records of role_user
-- ----------------------------
INSERT INTO `role_user` VALUES (5, 1, 'admin', '管理员', 1, '2025-11-14 17:32:55', '2025-11-14 17:32:55');

-- ----------------------------
-- Table structure for user
-- ----------------------------
DROP TABLE IF EXISTS `user`;
CREATE TABLE `user`  (
  `id` int NOT NULL AUTO_INCREMENT,
  `username` varchar(32) CHARACTER SET utf8 COLLATE utf8_general_ci NOT NULL,
  `email` varchar(64) CHARACTER SET utf8 COLLATE utf8_general_ci NOT NULL DEFAULT '',
  `avatar` blob NULL,
  `cn_name` varchar(64) CHARACTER SET utf8 COLLATE utf8_general_ci NOT NULL DEFAULT '' COMMENT '中文名',
  `fold` tinyint(1) NOT NULL DEFAULT 0 COMMENT '折叠左侧导航栏',
  `page_size` int NOT NULL DEFAULT 10 COMMENT '默认分页大小',
  `password` varchar(32) CHARACTER SET utf8 COLLATE utf8_general_ci NOT NULL DEFAULT '',
  `created` datetime NOT NULL DEFAULT current_timestamp,
  `updated` datetime NOT NULL DEFAULT current_timestamp ON UPDATE CURRENT_TIMESTAMP,
  PRIMARY KEY (`id`) USING BTREE
) ENGINE = InnoDB AUTO_INCREMENT = 18 CHARACTER SET = utf8 COLLATE = utf8_general_ci ROW_FORMAT = Dynamic;

-- ----------------------------
-- Records of user
-- ----------------------------
INSERT INTO `user` VALUES (17, 'admin', 'admin', 0xFFD8FFDB0084000302020302020303030304030304050805050404050A070706080C0A0C0C0B0A0B0B0D0E12100D0E110E0B0B1016101113141515150C0F1718161418121415140103040405040509050509140D0B0D1414141414141414141414141414141414141414141414141414141414141414141414141414141414141414141414141414FFC00011080320032003012200021101031101FFC401A20000010501010101010100000000000000000102030405060708090A0B100002010303020403050504040000017D01020300041105122131410613516107227114328191A1082342B1C11552D1F02433627282090A161718191A25262728292A3435363738393A434445464748494A535455565758595A636465666768696A737475767778797A838485868788898A92939495969798999AA2A3A4A5A6A7A8A9AAB2B3B4B5B6B7B8B9BAC2C3C4C5C6C7C8C9CAD2D3D4D5D6D7D8D9DAE1E2E3E4E5E6E7E8E9EAF1F2F3F4F5F6F7F8F9FA0100030101010101010101010000000000000102030405060708090A0B1100020102040403040705040400010277000102031104052131061241510761711322328108144291A1B1C109233352F0156272D10A162434E125F11718191A262728292A35363738393A434445464748494A535455565758595A636465666768696A737475767778797A82838485868788898A92939495969798999AA2A3A4A5A6A7A8A9AAB2B3B4B5B6B7B8B9BAC2C3C4C5C6C7C8C9CAD2D3D4D5D6D7D8D9DAE2E3E4E5E6E7E8E9EAF2F3F4F5F6F7F8F9FAFFDA000C03010002110311003F00EB68A28AB3F97C28A28A0028A28A0028A28A0028A28A0028A28A0028A28A0028A28A0028A28A0028A28A0028A28A0028A28A0028A28A0028A28A0028A28A0028A28A0028A28A0028A28A0028A28A0028A28A0028A28A0028A28A0028A28A0028A28A0028A28A0028A28A0028A28A0028A28A0028A28A0028A28A0028A28A0028A28A0028A28A0028A28A0028A28A0028A28A0028A28A0028A28A0028A28A0028A28A0028A28A0028A28A0028A28A0028A28A0028A28A0028A28A0028A28A0028A28A0028A28A0028A28A0028A28A0028A28A0028A28A0028A28A0028A28A0028A28A0028A28A0028A28A0028A28A0028A28A0028A28A0028A28A0028A28A0028A28A0028A28A0028A28A0028A28A0028A28A0028A28A0028A28A0028A28A0028A28A0028A28A0028A28A0028A28A0028A28A0028A28A0028A28A0028A28A0028A28A0028A28A0028A28A0028A28A0028A28A0028A28A0028A28A0028A28A0028A28A0028A28A0028A28A0028A28A0028A28A0028A28A0028A28A0028A28A0028A28A0028A28A0028A28A0028A28A0028A28A0028A28A0028A28A0028A28A0028A28A0028A28A0028A28A0028A28A0028A28A0028A28A0028A28A0028A28A0028A28A0028A28A0028A28A0028A28A0028A28A0028A28A0028A28A0028A28A0028A28A0028A28A0028A2909C5002D149939C753E82B3F54F10E99A22EED4350B6B31E934A01FCBAD45D2DCBA54EA56972538B93F257344F1499AE0753F8DBE1AB2CAC0F73A8B0FF9E116D5FF00BE9B1FCAB97D43F68294922C7458D0767B99CB1FC947F5A87562BA9F5186E15CEB1493861DABF7B47F368F66078A4DE3D6BE7BBBF8DFE27B924C4D676A0FFCF2B7C91F8B135973FC50F15DCFDED6EE107A44153F90A8FAC44FA2A5E1FE693D6A4E11F9B7F92FD4FA641CFF00FAA979F43F957CAF278E3C4731CBEBBA81FF00B7861517FC25DAF673FDB5A87FE04BFF008D2F6EBB1DCBC3AC5F5C4457C9FF009A3EAD271D8FE549BABE588BC71E2384E535DD414FFD7727F9D5FB7F8A5E2BB7C635A9E403B4AA8FFCC51EDD76329F8778F4BDCAD07EB75FE67D31BB8A335F3ED9FC72F12DB1FDF0B2BB1FF4D20DA7F3522BA0D3FF006810768BED148F56B59FFA30FEB54AB459E2E238233AA1AC69A9AFEEC97E4ECFF03D8E8AE1F4BF8CBE17D488592F24B073C62EE22A3FEFA1915D7D8EA16DA9C225B3B98AEE23C878240E3F4AD14D3D99F298ACB71B8176C4D2947D535F8EC59A2933D3FC696ACF32F70A28A2994145145001451450014514500145145001451450014514500145145001451450014514500145145001451450014514500145145001451450014514500145145001451450014514500145145001451450014514500145145001451450014514500145145001451450014514500145145001451450014514500145145001451450014514500145148DD680168AAD1DEC32DE4B6AB22B5C428923C60F2A1B3B73F5C1FCAAC2D22A51717692B7F57168A28A648514514005145148028A33487E6381C9F6A042E6933CF5AE5BC53F12343F0A6E8EE6E85C5E01FF001E96D8793F1E70BF8F35E4BE25F8D5AE6B05E2B0DBA45B1E0792774C47BB9E9FF0102B19548C4FADCAB85733CDAD2A70E583FB52D17CBABF923DC35BF13697E1C8B7EA77F0DA71C23B65DBE8A393F9579C6BBF1F6D612D1E8FA7BDCB0E93DD9F2D7EA14727F1C578CCB2C971334B2C8F2C8DC97762CC7F134DC5734AB49EDA1FACE5DC0380C35A58B93AB2FB97DCB5FC4EA359F89FE25D7772CDA9496F0B7FCB1B41E52E3F0E7F335CBB66472EC4B39E4B13927F1A314562DB6F53F43C360B0D848F261E9A82EC95BFAF986DA368A5A283B6C2018A5A28A0028A28A0028A28A02C2119A314B4500205C5496B753E9F3096D6692DA51D1E1728DF98A6525044A119AB495D1DDE85F1A3C45A4955B9922D5611C6DBA18931FEF8E7F306BD23C3BF1A340D64A4776EFA45C3718B9E6327D9C71F9E2BE7CC518AD2356513E3332E10CAB304E5ECF924FAC74FC36FC0FAFE29527896489D648D8655D1832B0F623AD480F15F29F87BC5DABF85A5DFA6DEC902672D09F9A26FAA1E3F2FCEBD73C29F1C2C351D96FAD4234DB8381E7A65A06FAF75FC723DEBAA3553DCFC8B36E08CC32F4EA61FF7B0F2F8BEEFF2FB8F50A2A38278EE6249A191668A4194911832B0F50475A9339ADEE7E7B669B4C28A28A0028A28A6014514500145145001451450014514500145145001451450014514500145145001451450014514500145145001451450014514500145145001451450014514500145145001451450014514500145145001451450014514500145145001451450014514500145145001451450014514500145145001451450006AA6A9A8C1A4E9F737D72DB60B788CAE7D80E9F8F4AB4DD2BCCFE3B6B66CBC376BA72361EFA6CBE38FDDA60E3E8495ACE72E54D9EB65381799E3E960D7DA767E9BBFC13327E0EF89A7D77C67E209EEDB33DF442E36FA6D7C051EC1481F857B12D7CD5F09B531A678FB4C663B52E0B5B313FEDAF1FA815F4AAFFF005AB3A32BAD4FABE37C147079A274E368CA31B7CB4FC92168A28AE83F3E0A28A09A5715C2909C556D4352B6D26CE4BBBD9E3B5B68C65A495B007FF5FDABC6FC67F1BE7BC692D3C3EAD6B0FDD37B22FEF5FF00DC5FE1FA9E7E959CA6A3B9F4194E478DCEAA72E1A1A2DE4FE15F3FD16A7A678ABC75A4783E226FEE33724652D61F9A56FC3F847B9C578BF8B3E2F6B5E23DF05AB9D2AC5B8F2E06FDE38FF69FAFE031F8D70F2CB25CCCF2CB234B2B9CB48EC58B1F524F26900C571CAA4A5A23F77C9B8370195DAA555ED6A776B45E8B5B7CEEFD04029D451591F7CB40A28A28185145140051451400514514005145140051451400514514005145140051451400948C334EA2813BF4373C2DE36D5FC1F36EB0B8FDC31CBDACBF344FF55EC7DC60D7B9782FE29695E2E296EC7EC1A991FF001EB2B70E7FD86EFF004EB5F38D3718E73C8390455C2A4A07C7675C2D81CE62E535C953F996FF003DAFF9F99F61E714B5E13E05F8CD75A4F9765AE992FACC7CAB74399A21EFFDF1FAFD6BDB6C350B6D52D22BAB3B84B9B69465258CE5587F9ED5DD1929EA8FE7CCE321C664B5543131BC5ED25B3FF27E459A28A2B4B9F3D70A28A298C28A28A0028A28A0028A28A0028A28A0028A28A0028A28A0028A28A0028A28A0028A28A0028A28A0028A28A0028A28A0028A28A0028A28A0028A28A0028A28A0028A28A0028A28A0028A28A0028A28A0028A28A0028A28A0028A28A0028A28A0028A28A0028A28A0028A28A0028A28A0028A29370A05714F4AF00F8ED7E6E3C636F6DFC36D68831E85C963FD2BDF89C8AF9C7E32127E20EA1BBFE79C38FF00BF62B9AB7C27E8FC014D4B37737BC6126BEF4BF26FEF38EB7B992CAE62B888912C2E24423D41047F2AFADB4BD462D5F4EB5BE848315CC4B3291FED0CE3F9D7C8A41CE6BDCBE06789C5EE8D36892B7EFECC992104FDE889E47FC058FF00E3C2B2A32B3699F75E2065AF118286329ABBA6F5FF000BFF002697DECF52A33480E2918E324FCA07249E303D6BB2E7F3F5EFB6A389E2B90F1BFC48D33C191989CFDB3526194B38DB91EEE7F847EA7B0AE47C7FF1996D8CBA77875D5E51F2C9A80E557D447EA7FDAE9E95E352C8F3CAF2C8ED248E7733B9CB313DC9EE6B9675ADA44FD67877826A62ED89CCD38C3A47ABF5ECBF1F346BF89FC5FA9F8BEF7ED1A84FBD54FEEA04E23887FB2BEBEE79F7AC7C500714B5CAF57767EEB87C3D2C2D354A845462B64B61318A5A28A0E80A28A2800A28A2800A28A2800A28A2800A28A2800A28A2800A28A2800A28A2800A28A2800A28A2800A28A2800A4A5A2801A45741E0EF1CEA5E0BBCF32D24F32D9CE66B4909F2E4F7F66F71581450AEB63971385A38BA4E86222A517BA67D4BE12F18E9DE32D3FED16326244C79D6D27FAC88FA11E9E8C3835BA0D7C93A46B37BA06A115F69F70D6D7319E197A11DC11DC1F43FE15F42F803E235A78DADFC960B6BAAC6B992D73C38FEF267A8F6EA2BB69D553D1EE7F3C712F08D6CA5BC4E16F2A3F8C7D7BAF3FBCECA8A40696BA0FCE93B8514514C61451450014514500145145001451450014514500145145001451450014514500145145001451450014514500145145001451450014514500145145001451450014514500145145001451450014514500145145001451450014514500145145001451450014514500145145001593E28D4DB45F0DEA97E8DB64B7B67910F5F9B1F2FEB8AD6AE4BE2B315F87BAD91DE251F8175A893B26CEFCBA8C7118DA3465B4A715F7B45FF0005F89A2F16F872D2FD302523CB9D07F04AB80C3FA8F622BC7BE3AD89B6F1943718F96E6D10E7DD4953FC8551F855E351E13D78C17526DD32F484989E91B7F0C9F41D0FB1F6AEFF00E3B6846FFC396BA9C6B97B1970E473FBB7C0CE7D8807F1AE572F694CFD530982FF0056B8A2317FC2AD7517EBAA5EAA492F4B3EA785D5DD075BBBF0DEAD6DA8D9BEC9E06C807A30E8548F4238354075E98A535CD7B6A7ED9569C6B4254AA2BA6ACD74699F4F7877C7DA3F88B466D423BB8ED4429BAE6299C2B4071CE7D47A11D7EBC57917C45F8AD3F89DA4D3F4B67B5D233B59FEEC973F5F45F41DFBFA579EED1E94B8E6B595594958F85CB38332FCBB172C52BCFF00953DA3FE6D746F6F5D400C52D145647DFAEE145145030A28A2800A28A2800A28A2800A28A2800A28A2800A28A2800A28A2800A28A2800A28A2800A28A2800A28A2800A28A2800A28A2800A28A28012A4B5BA9EC2E62B8B695E09E260E92C670CA7D4532908CD2D88942324E2D68CFA17E1B7C4D8BC5F0AD8DF1583584192A385B803AB28F5F55FC4577BBABE3F86692D678E686468A58D8323A3619587420FAD7D05F0CBE25278BEDD6C6F9962D6225C91D05C28FE251D88EE3F115D94AADFDD91F80716709BC0378EC02FDD7DA8FF002FA7F77F2F43BFA2901A5AEA47E5614514531851451400514514005145140051451400514514005145140051451400514514005145140051451400514514005145140051451400514514005145140051451400514514005145140051451400514514005145140051451400514514005145140051451400514514005739F10ACCEA1E07D720519636ACE3EAB86FE95D1D472C49346F1C8331BA9461EA08C1FE752D5D3474616B3C3E229D65F6649FDCEE7C7F9C8C8E6BD8BE1878E2DF5FD29BC29AEBEF324460B795CFFAD8C8C7964FF787F0FAE07715E55AEE932685ACDEE9F2821ED6668B9EE01E0FE2307F1AA4090430E187208EA2BCC8C9C19FD579965D433DC1C637B3D25092DE2F74D7E5E7F969F89740B8F0B6B975A6DC8CBC2DF2BFFCF443F7587D463F1C8ED59A0E6B6F5BF16DE788F4DB6B7D4912EAEAD7E586FB244BB3BA3F671DC1EA0D62018A1A57BA3D3C13C47B08C714973AD1DB676EABD77B74F3DC5A28A291DE145145001451450014514500145145001451450014514500145145001451450014514500145145001451450014514500145145001451450014514500145145001451450025496D73358DCC5716F23C33C4C1D244386561D08A652522651524E2D5D33E8DF86DF10A2F1A58986E0AC5ABC0A0CD18E0483A798BEC7B8EC7D8D76A0F15F23699A9DD68BA8417D653182E606DE8EBEBDC1F50470477AFA57C0DE34B5F1AE8E2E63022BA8B0B736D9FF56DEA3FD93D47E55DB4AA7368CFE74E2EE18795D4FAE6157EE64F6FE56FA7A76EDB763A5A2901E296BA4FCD828A28A630A28A2800A28A2800A28A2800A28A2800A28A2800A28A2800A28A2800A28A2800A28A2800A28A2800A28A2800A28A2800A28A2800A28A2800A28A2800A28A2800A28A2800A28A2800A28A2800A28A2800A28A2800A28A2800A28A2800A28A2800A28A2800A42B4B450078B7C76F0A18EE2DFC416E9FBB70B6F758ECC3EE31FA8E3F2AF251D057D73A9E9B6DAB69F7165771896DA7431C898EA0FF005F4F7AF987C65E11BBF066B52595C65E1397827C712A67AFD47423D6BCFAD0E57747EFFC0F9EC71586597567EFC3E1F38FFF006BF918B45145627EAC1451450014514500145145001451450014514500145145001451450014514500145145001451450014514500145145001451450014514500145145001451450014514500145145001451450021E456B7857C4D77E11D661D42D0E4AFCB2444E1654EEA7FA1EC6B2A91BA51B6A73D7A14F134A546B2E68C959AF23EB1D035EB4F126936FA8D8BEFB7986467EF237753E841E2B4ABE77F83BE26BFD27C4D169F0C32DDD9DF362681064A11FF002D47A6D1D7D47E15F438CE6BD0A72E7573F96788F26792639D052BC25AC7BD9F47FD6B6B8B451456C7CC051451400514514005145140051451400514514005145140051451400514514005145140051451400514514005145140051451400514514005145140051451400514514005145140051451400514514005145140051451400514514005145140051451400514507A50035D805258850064927803D6BE5FF1FF008A5FC5DE26B9BC0C7EC887C9B643DA31D0FD49C93F51E95EDBF173C40741F05DD2C6FB6E2F48B58F1D406FBE47FC041FCEBE70038E2B8AB4B5E53F6DF0F72B4A153339AD7E18FEAFF4F90EA28A2B98FDA028A28A0028A28A0028A28A0028A28A0028A28A0028A28A0028A28A0028A28A0028A28A0028A28A0028A28A0028A28A0028A28A0028A28A0028A28A0028A28A0028A28A0028A28A0028A29A4E28017357745D16F3C47A94561A7C267B990F0A3A28EECC7B01EB59573751DB292E79ECBDCD7D01F0166D3EEBC0E2E2D6048AFBCE78AF1C72CEC0E54E7D369181D3AD5C23CEECCF96E23CE2792601E2A9C39A5749764DECDFF5B9D0F80FC0567E09D3F6262E2FE503ED17447DEFF657D147A77EA6BAAA4C52D7A0A296C7F2EE2B155B1B5A588C44B9A52DDFF5D3C828A28AB39428A28A0028A28A0028A28A0028A28A0028A28A0028A28A0028A28A0028A28A0028A28A0028A28A0028A28A0028A28A0028A28A0028A28A0028A28A0028A28A0028A28A0028A28A0028A28A0028A28A0028A28A0028A28A0028A28A0028A28A0028A28A00283D28A69E6803C37E3E6AE6E35ED3F4E56F92D60F35C7FB6E7FC00FCEBCC074AE8BE246A3FDA7E3AD6A6CE556730AFF00BA985FE86B9D1D2BCA9BBC9B3FACF87F0BF52CAA850FEEABFABD5FE62D145148FA20A4A09C54B676573A95EC169690C973773C8B143042BB9E4763855503A924818A96EDD408915A4902229773D154124FD00E4D341DC0104107A11C835FA53FB337ECCBA7FC1AD1A2D5356822BDF1A5CC7FBFB83875B2561CC309F6E8CE39639C718CCBF167F640F027C4E69EF6DAD4F85B5C932C6FB4B402391BD6487EEB7D46D3EF5E47F69D253E56B4EE4F31F9A60F14B5EBFF00157F652F1FFC2CF3AEA5D3BFB7B458FF00E627A42B4AAA3D648FEFC7EF9047BD78EAB6790723D457A70A90AAAF077434EE3E8A4CD19CD6C3168A28A0028A28A0028A28A0028A28A0028A28A0028A28A0028A28A0028A28A0028A28A0028A28A0028A28A0028A28A0028A2933400B494645433DC476EBBA46C71C0F5A00989AA179A9AC3948F1249EBD8552BAD4A4B8CAA831C7EDD4FD6AB6315484C1E46958B392C4F7AF63FD9A75B306B7AB692CD84B9816E2304F564383FF008EB7E95E364715D77C21D4CE93F127429776D4967FB339F67057F99155076699F35C4385FAEE5588A3FDD6D7AAD57E47D7628A683838C53ABD23F94028A28A0028A28A0028A28A0028A28A0028A28A0028A28A0028A28A0028A28A0028A28A0028A28A0028A28A0028A28A0028A28A0028A28A0028A28A0028A28A0028A28A0028A28A0028A28A0028A28A0028A28A0028A28A0028A28A0028A28A0028A28A0028A28A0029BB847F39E8BF31FC39FE94EAA3ADCDF67D1B509738D96D2B67E886A5B34A51E7A918F767C9D7939BBBBB89C9CB4B23C849F7626A314D8FEE2FD053EBCC3FB3A9C1538282E8AC14514869162376AFB17F60DF82C979713FC47D560DC96EEF6BA324838F30712CFF00F01CEC53EBBCF615F25787740BCF1678834DD174F4325F6A3731DA4000FE3760A0FE19C9FA57EBB782FC2763E04F0A691E1ED3542D8E996C96B163F8828E58FBB36E627D49AF1B32AEE9D354E3BCBFAFC4966D28C631D294D2D15F2A21BC8E4707D41AF22F8A1FB2CFC3FF008A866B9BCD24691ABC9C9D5348C41293EAEA06C93FE0433EF5EBF455C273A6EF06D3F203F3B3E25FEC33E3AF0879B73E1D787C63A72E485B51E4DDA8F43131C37FC0189F6AF9E751D3AEF46BE96C6FED27B1BD88E1EDAE6268E453EEAC01AFD97DB5CDF8DBE1CF863E22D8FD97C4DA1D96B510185375103227FBB20F997F035ECD1CCE71D2AABFA6E2BB3F20F7714A0D7DCDF107FE09F3A2EA0D25C78375EB8D1E66C95B0D554DC404FA09062451F5DD5F35F8F7F661F893F0EC4935FF0086A7BFB04FF97FD24FDAE1C7A9D9F32FFC09457B3471946AE9196A5DCF2EA29B9C3B2F2194E194F041F71DA8DD5DD7EA31D45252D1700A28A2800A28A2800A28A2800A28A2800A28A2800A28A2800A28A4A005A292826801690F14D2D85DC48007524F02BBAF87BF043C73F14E45FF008473C3B77776AC4037F32F916AA3D4CAF807E8B935129C60AF2760386DD5B3E14F06EB9E3CD5E3D2FC3DA4DDEB37EE40F22D232FB7DD8F451EEC457D93F0CBFE09FF00A5E9E62BBF1DEB2DAACC30C74CD2898A007D1A53F3BFFC042D7D4FE16F07E89E08D2534CF0FE9569A3E9EBFF002EF67104563EADDD8FBB126BC6AD99D38694D733FC08BF63F343E327ECC1E31F833F0E74EF156AB2D9CC93DC8B7BCB5B46690D8EE198CBBFDD6DC41538E01C72735E02CCD2B16762CC4F535FB49E3EF05D87C45F056B7E18D4D43596AB6AF6AEC7AA13F75C7BAB0561EEB5F8D3E20D0EF7C2DAF6A5A36A29E56A1A7DCC969709E9223156FCC8C8FA8AE8CBF14F1116A7BA0BDD94714503A515EB8C0D58D2AE9B4FD56C6E81C341711C80FA6D707FA557A6CBC46C7D066833A905521283EAAC7DD0486624742723E87FFAD4EAA7A44DF69D2AC66C83E65B44F9FAA2D5CAF411FC6538F2CDC7CC28A28AB2428A28A0028A28A0028A28A0028A28A0028A28A0028A28A0028A28A0028A28A0028A28A0028A28A0028A28A0028A28A0028A28A0028A28A0028A28A0028A28A0028A28A0028A28A0028A28A0028A28A0028A28A0028A28A0028A28A0028A28A0028A28A002B1FC5EFE5F84F5A6F4B29BFF004135B158DE3319F08EB63FE9CA6FFD00D4CB667560F5C4D34FBA3E544FBA3E94EA6A7DD18F4A757967F663DC290F4A5A43D29311F467EC23E091E25F8CAFAD4D1EEB7F0FD93DCA923813C9FBB8BF100B9FF80D7E89A8C57CAFFF0004F8F0C2E9FF000CF5FD759312EA9AA7928DDCC702018FFBE9D8D7D52057C766151CF10FC88168A28AF386145145300A42334B45003768FC2971B4E4121BD41E6968A560388F1C7C1AF047C4756FF848BC31A76A3330C7DA7C911CE3E92A61BF535E07E32FF827C7863522F2F863C45A868721E56DEF905E420FA06F95C0FC4D7D658A315D34F115A97C12B08FCDEF16FEC3DF13FC385DEC2CEC7C4B02F46D32E82C87FED9C9B4FE44D78DF897C0BE25F074AD1EBBE1FD4F4765E337B68F1AFF00DF58DA7F035FB0A5411D2A39231346D1C8049191828E32A7D883C1AF4A19A558E93571DD9F8C2AC1FEE90DEEA734EAFD62F137C04F875E2F2CDAAF82F46B895BACD1DA8864FF00BEA3DA735E63AEFEC1FF000C755DCD64BACE88E7A0B4BEF3107FC0640DFCEBBA19A527F1268398FCEBA335F6A6B5FF0004E8B7396D23C7532FA26A1A72B7FE3D1B8FE55C5EA7FF0004F8F1D5B67EC3AFF87F5003A6F69A03FAA11FAD75471F8797DA1F323E5FCD19AF79BEFD87BE2CD993E5E97A65E8F5B6D523E7FEFA02B16E3F642F8BD6F9CF8327971DE1BBB76FFD9EB7589A2FEDAFBC2E8F20CD19AF526FD963E2CA120F80F553F4311FFD9E953F657F8B4ED81E03D507FBC6103FF43AAFAC51FE75F7A19E599A335EC16FFB20FC5DB8C7FC5193C40F79AEEDD31FF8FD6DE9FF00B0E7C58BD23CCD334AB21FF4F3AA47C7E0A1AA1E2A82FB6BEF0B9E099A335F52695FF04F6F1B5C91FDA1E24D06C0771179D3B0FC9547EB5DCE89FF0004EAD2E3DA759F1B5F5C7F7934FB14887FDF4ECC7F4AC658FC3C7ED5FD2E2BA3E22FA734D072E101DCE7A28E49FA0EF5FA4DE1FF00D887E1568651AE34ABED724539CEA77EECA7FE009B457AB785FE1AF84FC148ABA0F86B4AD20AF47B5B3457FF00BEF05BF5AE3A99AD25A462DFE0173F317C1FFB3F7C46F1D946D23C1FA9BDBB74BABA8BECD0E3D77C9B7F4CD7BBF82BFE09EBADDE98E6F16789AD34A8CE0B5AE9519B997E9E636D41F806AFBA4E58E589623D4E68C579F5333AD3F86C8478EF803F64FF00869F0FDE29EDF404D63508F917BACBFDA9C1F5552362FE0B5EC088A88A8802A28C2A8180A3D87414FA2BCB9CE751DE6EE2B09B452D14545806B0041CE715F99DFB7F78107857E3A36AF0C7B2DBC47651DE92071E7A7EEA5FC4ED46FF008157E99115F20FFC148BC2C2FF00E1AF863C40899974CD50DABB7A473C67FF00678D6BD2CBAA3A7888F986C7E7C0E94503A515F668614D946636FA1FE54EA6C9F71BE87F9531ADCFB4BC22E65F09E88DEB6307FE8B5AD8AC6F068C7843420463FD060FFD162B66BD25B1FC6789B2AF34BBB0A28A299CE14514500145145001451450014514500145145001451450014514500145145001451450014514500145145001451450014514500145145001451450014514500145145001451450014514500145145001451450014514500145145001451450014514500159BE258FCEF0EEAD1F76B4987FE386B4AABDE45E7D9DC47FDF89D7F3522A5EA9A36A12E4AD097668F90A3FB8BF414FA6AAEC1B4F51C53ABCB3FB3D3BAB85267A76A5A8E46DB1B9F404FE42803F50FF00649D1868BFB3BF83136ED6B9B692F5F8EA6595DB3F962BD82B90F843A70D27E147836CC0DA21D1ACD31EFE4A93FCCD75E2BE06ABE6A926FBB205A28A2B318514514005145140051451400514514005145149AB8098A5A28A2C804C504714B450219827AF346DA7D145806EDF607F0A4D83D29F451618CDB4B8A7514084DB462968A2C160A4C52D1458614514500145145300A28A28010D7897ED9DA20D73F669F1A2EDDCF671437E9EC6299093FF007C96AF6D3D2B86F8E5A60D5FE0C78EECC8CF9DA1DE281EA442C47EA056B4A5CB562FCD08FC72CF38EF9A5A646DBD55BD403F9D3EBEFD0C29B2FF00AB7FA1A7526CF3084EA5885C7D4D325BE54DBE87DAFE1C8BC8F0EE931E395B3857FF0021AD695436B17916D047FDC8D13F2502A6AF45763F8CAB4B9EACA5DD85145154661451450014514500145145001451450014514500145145001451450014514500145145001451450014514500145145001451450014514500145145001451450014514500145145001451450014514500145145001451450014514500145145001451450014272EBF514537352D5C15D3BA3E47D5ADCD9EAD7B6E78315C489F939155874AE8BE23DA7D8BC77ADC40614DCB381ECC037F5AE7474AF31E8CFEC5C055F6F85A557F9A29FE085A867FF5328F543FC8D4D50CDFEA64FF0074FF002A47A0CFD8EF09C3F67F0B68B163023B1B75C1F6896B62B2FC3AE24F0F692E0706CE03FF009096B4C74AFCF9EE40B4514548C28A28A04145145030A28A281051451405D0514514C028A28A06145145001451450014514500145145210514514005145140C28A28A0028A28A0028A28A2E2B887A56178EE1171E07F11C44643E9974A7F185EB74F4AC6F184822F086BAE7F874FB93FF905AAA3F12067E275B9FF004787FDC5FE42A5A8A0E6DE1F745FE42A5AFD10101E957BC3D6A6FF00C45A5DB019335DC29F9B8AA27A5759F092CBFB43E25787E3232AB73E69FA2296FE94D6E79D9855547075AABE916FF03EBC7C176FA9A29A334EAF48FE3DDDDC28A28A0614514500145145001451450014514500145145001451450014514500145145001451450014514500145145001451450014514500145145001451450014514500145145001451450014514500145145001451450014514500145145001451450014514500141E94507A5007CF5F1C2CBECDE3969B181736D1C9F88CA9FE55C08E95EBDFB4259043A25F9C28C496ECC4E3D1873F9D789CFADE9F6BFEBAFADA3F6695735E6D48BE7763FA97857151C464D879B7AA5CAFFEDDBAFD0BF514FCC328FF0061BF95624FE39D160CFF00A6F9B8FF009E48CDFD2B36E3E2569AA0F956F733923B80A3F5352A2DF43E9E589A51D1C8FDB0F87D73F6DF00F866E339F374BB57FCE14AE8326BF31745FF0082A1EBBE15F05685A0691E00D3A4974DB186CCDE6A5A948DE618D02EED88A319C74C9AE4B5EFF829BFC67D5770B2FF0084734443D3EC9A5F9AC3F195DBF957CAACA31527B24BD4E478FA2B63F59B78F51F9D3D5247CEC8DDBE8A4D7E2AEB7FB6F7C74D749F3BE246AB68A7F834F8E1B61FF8E460FEB5C16B3F1B7E21F88998EA7E3DF135F67A89B579F1F90602BA239255FB534BD2ECC5E611E9167EF0CF3A5A0CCEE900F595C20FD4D63DF78F3C33A667ED9E24D1AD31D7CFD4A05C7E6F5F81979A9DEEA2C5AEEF6EAF18F5371712484FFDF44D50923B656F9D2056FF006D573FAD742C8EDF14FF00032798BFE53F792EFE3CFC34B1245C7C42F0B42475DFACDBFF00F1759D27ED37F08A1CEFF89DE130546481ABC27F9357E1E69DE1FBFD508161A4DDDE13D3ECB65249FF00A0A9AE8ECFE0EF8F6FD41B5F02F896707A18F46B820FFE3955FD8D417C553F217D7EA748FE67ECF47FB4FF00C2098653E28784C8CE39D5A21FCCD68DAFC7EF8657EC16DBE227856727B2EB36F9FF00D0EBF18BFE19F3E2898CC9FF000AE3C5450753FD8F37FF0013583AAFC30F16E8E0FF0069783F5CB351D4DCE913A81F894A9FEC8C3BD2357F21FD7EAFF27E67EEFE9BE33F0FEB3FF20FD7F49BECF4FB36A10C99FF00BE58D6CED7D81F636C3FC58E3F3AFE789E28ECE6C3225BCA3B15F2D87E1C1AEAFC31F153C6BE099926D03C5DAF68CE8415367A94C8BFF7CEEC1FCAA2591E9EED4FC3FC86B316BE289FBE01B3D3A53EBF24BC03FF00052BF8BFE1111C5AD4BA578CED57AFF6A5B086E08FFAED0EDC9F72A4D7D17E06FF0082AAF81F5411C5E2BF096B5E1D98E034F60E97F003EB8F91F1F81AF36A65789A5D2EBC8ECA78DA52DDD8FB8A8AF18F077ED8DF063C75E5AE9BF10F4882E1FA5B6A6ED652E7D31305FE75EB5A56AB67AE40B369D796DA8C2C3224B29D2753F8A135E6CE9CE9E938B475C6AC25B32ED148C0A1F9814F623148194F71F9D67734B8EA2932BEBFAD27DE385F98FB734AE03A8AADA85F5BE93019AFAE21B1840C996EA558500FAB102BCABC63FB5B7C1DF01EF4D5BE226862E17ADB594E6F25CFA6D84356B0A73A8ED08B666EA423BB3D769335F1578E3FE0AA1F0F3471245E17F0DEBDE279C676CB70134F809EC7E62CE47FC0457CEBE3EFF829BFC58F1479B0F87EDB46F06DB3701ACEDFED77007FD759B233F44AF4A9E578AABF66DEA724F1D461B3B9FAC003152C158A8EAC01207E3593A978B343D1813A86B7A65801D7ED37D1478FFBE9ABF0B3C59F193C7DE3CB8926F10F8D35FD61DFAADCEA3294FA040C140F602B8C223BB9B0425C4C79C1FDE39FE66BD38E46FEDCFEE471BCC5FD989FBC379F1EBE1A69C48B9F887E16808EA1F59B7CFF00E875972FED41F0821FBFF13FC263B71AB447F91AFC52D2BE1BF89F59C1D37C25AD5E83D0DAE93338FCC262BA18FF0067CF8A0F1798BF0E3C57B3A6E1A3CFFF00C4D57F6461D692ABF90BEBD51ED1FCCFD8D8BF69FF0084138CA7C50F0991D39D5E11FCCD68DAFC7EF8657A4083E22F856527FBBACDBFFF00175F8A779F063E2058826EBC07E27840EA5F46B8FF00E22B9CD4BC33A9E9648D4346BDB3C75FB558491E3FEFA514FF00B1A84BE1A9F903C7545BC7F33F7AEC7E22785754C7D8FC51A25DE7A793A9C0DFC9EB6EDEF21BB19B79A2B807A186457FE44D7F3CAB1DB336152DD9BD1557357AD6FAEAC1835B5D5C5AB0E86099E323FEF92293C8ADF0CFF005983EB13FA1368E541968A45FAA1FF0A66F1EA3F3AFC16D23E3178FBC3ECA74CF1CF892C31D041AB5C003F0DD5DEE8BFB6A7C72D08AF91F12B59B80BD12FBCAB907FEFE21AE7964957ECCD3F5B9A2CC63F6933F6B73906B96F8A575F60F863E2FB927022D1EF5F3F481EBF2EF41FF0082987C6AD24A8BBB9F0FEB6A3AFDB74911B1FF008144CBFCABA8F11FFC14EBC49E32F00F883C37ABF817498E4D5AC26B1FB769F7F2A18BCC52BBF63AB67193C66B0FEC9C54649D935EA6EB1F45EFA1F3DC0088621E88A3F4152D737078D2D1B89209A33ED86AB49E2CD35BFE5B3AFF00BD19AFACE46BA1D11C4D17F68DA3D0D7A6FECED61F6AF882F7247169652BFE2C5507F335E3E9E22D364E97918FF7B23FA57D05FB2DC10DDDBF8875385D6652D15A86439C705CFF00ECB4E117CCAE7CB71562E34726C44A32D5AE55FF006F34BF267BC8A281D28AF40FE5F0A28A2800A28A2800A28A2800A28A2800A28A2800A28A2800A28A2800A28A2800A28A2800A28A2800A28A2800A28A2800A28A2800A28A2800A28A2800A28A2800A28A2800A28A2800A28A2800A28A2800A28A2800A28A2800A28A2800A28A2800A28A2800A28A2800A0F4A281963850493D001926A5BB0BAD8F1CFDAB744FED6F8457572A3749A75DC375C76527CB6FD1FF004AF897007A7E15FAFBAEFECF30F89BE12789EC354469F56D4B4AB88EDEDC3616094C65A3CFF79B705F615F91B75A46A16007DAECE78081F3168C800F7E6B828E2E9626738D377E53F7DE1ECB31B9765F18E2E36E67CC97549DB7EDE9F795B146290367A73F4A37576A3E8BA8B8A0D00E690F5A5618E86192E668E186379A69182471C4A599D89C05551C924F403935F5DFC19FF826A7C42F1FDBDBEA5E2FBA87C03A5C803ADBDC47E7EA2EA7FE9882163FF81B67FD9AF4DFF825D7C0FD3AF2D35CF8A1AB58C7717B05D9D334579972202AA0DC4C80F47CBAC61BB61B15FA1AA3FF00AF5F2F8FCD674A6E8D0E9D7FC8F5B0D835523CF50F973C0DFF0004DEF831E128E36D4B4CD47C5F76BD65D66F596327FEB945B17F326BDB7C31F047E1E783111742F02F8774AD9D1ADF4C877FFDF454B7EB5DC014B5F373C456ABF1CDB3D78D0A70D911411ADB2810AAC0BD8440201F962A632CADD6590FD5CD2515CFB9AA8A5B06F6CFDF6CFD4D065908C798E41EC58E3F9D145095B61DAE626BBE0CF0FF008A21316B1A0697AB467AADF58C5303FF007D29AF1DF18FEC2DF047C6BBDA7F02DA69170F93F68D0E692C5C7E08767E6B5EF94B5B42B55A7F049AF46672A5096E8FCF3F897FF04A48BCB96E7C01E36749072BA7788E00CA4FA09E2191FF0002435F187C5CF805E3EF8197EB6FE33F0E5CE95148DB61BF5226B3B83FF4CE75CA93EC707DABF7648AA1AEE81A6F89B48BBD2B57B0B6D4F4CBB431DC59DDC2258A553D994F07FA7515EBE1F37AF4DA553DE5F89C157034E5AC347F81FCFAB00576B0CAFF00758647E55674CD4EF745984BA75E5CE9D2839DF6733C27FF001C22BEB3FDB83F62E8FE05489E32F0624B2F81AEE710DC593B177D2666FB8BB8F2D0B1C8527953F292720D7C899AFB0A15A9E269F3C1DD33C39C254A5CB2DCF47D17F694F8B3E1D454D3BE24F8A6D917A27F6A4B228FC1CB5743FF000DA3F1CC4463FF00859FAF6DC633BA1CFE7E5E7F5AF18A5A6F0F465BC17DC839E6BAB3D953F6CFF8E6917963E27EBC5718C96889FCCC79AC4D63F69CF8BDAFA325FF00C4CF14CC8DC145D4E4881FC136D79A5142C3D15AA82FB9073CDF565CD5B5BD4B5D94CBAA6A379A9CA4E4BDEDCBCC7FF1F26A8A00836A0551E8A314A4D7D35FB16FEC8337ED19AEDC6B5AF3CF63E03D2A611DCC90B6C96FE6C06FB3C4DFC20020BBF60401C9C855AAC30F4DCE6EC90A30954928C77678BFC2FF00833E34F8CDAC369BE0CF0EDE6B93A102692150B05BE7BCB2B1089F89CFB57D9DF0CBFE094B777314375F103C689684805B4DF0EC42561ECD7128C7FDF287EB5F7FF84BC1DA2780FC3D69A178774AB4D1746B55DB0D959C61235F7F763DD8E49EE6B640E6BE42BE6F5AA36A97BABF13DCA5818455EA6ACF9EFC19FB047C0FF062A15F05C7AEDC260FDA35FB992F093EBB0909FF008ED7B3681E01F0C784E158743F0DE91A446A30058E9F0C38FF00BE5457414579152BD5ABF1C9BF99DF1A34E1F0A05924550164751E8188149B9BFBED9FF78D14B586FB9A2490096452712483E8E69932FDA06251E70F490061FAD3E8A01C5338EF12FC1EF0278C51D35CF05F87F560DF78DD6970BB1FF816DCFEB5E27E37FF0082757C14F17A486CB41BCF0A5D37DD9F43BE74453EBE549BD0FE42BE9DA2B7A75EB52D61368CA5429CBE247E5B7C61FF00826178DFC216F3EA1E06D5A0F1BD8C60B7F67CA82D75003FD904F9721F6054FB1AF8D751D3AEF46D42E2C350B59EC6FADA4314F6B731B472C4E3AAB2B0CA91E86BFA11615F0EFF00C14EFE07E9DACFC3BB6F899616291EBBA3DCC56BA95C44B83736721D8A64C7DE31C8530C790AC47402BE8F019AD49CD52ADADFAF99E4E270718479E99F995DE8C520E0E3D294D7D56E78EB50C518A4DD46698FD02BEDDFD95B44FEC8F83D6170CBB64D4AE66BC3EEA5B62FE895F10E1DFE58C6E94F08A064963D07E78AFD8AD1BF67AB4D07E16F86F4BD2D3ECBAB69BA55BC3247B8949E458D77E41E8C58B73EBD6B8ABE2E961A515574E63E733FCAB199A60250C1A4DC5DDAEAD79777F35FA1E643A0A29644785DA375647425595860820E08A4AEF4EEAE8FC09E8ECC28A28AA1851451400514514005145140051451400514514005145140051451400514514005145140051451400514514005145140051451400514514005145140051451400514514005145140051451400514514005145140051451400514514005145140051451400576BF083C3EBADF8BA39E64DF6F60BF68604705F3841F9E4FFC06B8935EDBF0174F11683A95E11F34F722307FD945FF0016AF2334ADEC70B36B77A7DE7D7F08E0638FCE68D39AF762F99FFDBBAAF95EC7A803B5839E7073EB5F961F197C2C7C15F15BC59A280522B6D465312F6F29CF989FF8EB8FCABF53FF0086BE13FDBB7C27FD95F13349D7A34C45ABE9E2376C71E6C0761FC76327E55F2394D4E5AEE0FAA3FAB2A2BC4F972F3C3DA6EA193716304A4FF16C00FE639AE6F56F86D69346CDA748D6D28E42487721FC7A8AED3348457D8A938EC70D4C3D3A8ACE2785DCDBCB63732413A18E58CED653D41A899C202E470A0935D3FC4440BE256C00330C64E3BF5AC2D2F4F6D5B54B1B15196BAB88ADC0FF007DC2FF00ECD5D8A578DCF96AB0E4A8E2BA1FB65FB2478147C3CFD9BFE1FE8CD1F977074B8EFAE463199AE333393FF7F00FC2BD780C54365631E996B059C2008ADA358100ECA8A147E82A7AFCCAA4BDA4E53EECFABA71E58A414514541A0514514005145140051451400521E94B45211C8FC57F05DA7C44F865E2BF0D5F44B35B6A9A65C5B95619C318C9461EEAC148F715F8229BC2287CEF030DF5E87F5AFE85AE085B7949C6046C4E7D306BF9F0BD2AD797057EE996423E9BDB1FD2BEB32393E5A91F4FD4F0F304938B2226ADE97A4DFEB7782D34DB1BAD46E88CF916503CD263D76A826BAEF825F09754F8E3F14343F06694FE44DA84A4CF765772DADBA0DD2CC477DAA381DC951DEBF6B3E137C21F0AFC12F0ADB681E10D2E3D32D2351E6CE0037374F8C19269072EC7AF2703A000002BD2C76611C1DA295E4FF23930F86957BBBD923F0A358D0F54F0F5C2DBEADA6DEE953B7DD8AFADA4819BE81C0CFE1544124D7EFAFC43F879E1DF8A9E1BBAD07C59A4DBEBBA55C2ED686E977321ECD1BFDE471D43290735F8BBFB4C7C0BBCFD9E3E2DEA7E149A692F34D2AB77A5DF48306E6D1C9D85B1C6F52191B1FC499EF5381CC638C6E0D72CBD6F71E230D2A1695EE8F2A6708A58F451935FB87FB2B7826DBE1FFECEDF0FF47B689636FEC986F2E081CBCF3A89A473EA497C67D00F4AFC39B9FF008F69FF00EB9B7F235FBEFF000C5D25F86BE1178F051B46B12B8F4FB3C75C59DB6A9C226F97A4E6DB3A71D2969074A5AF903DF0A28A298C28A28A0028A28A0028A28A004233DEB8CF8CDE088FE23FC26F18F85E540E356D26E6D901ED218C98CFE0EAB5DA50A76CA87D181C7E34E2DC24A4BA113578B47F3C89B800241B64030C0F63DFF5A722B4AEA880B3B1C051D49AEB3E2EE82BE16F8B3E36D1D06D4B0D6EFADD47A2ACEFB7F4C562F861436BB6D919C12467D706BF4F52BC54D7F573E4A30E69F2799B5A7783635457BD767723FD5C670A3F1EF5AD178774D84E56CE327FDAC9FE75A0178A5CE2B9799BD4FA6861E9434491DBFECFFE098BC67F19BC1DA2ADBA79136A314938540079519F31F3C7A262BF5B58F999623EF1CFE75F017FC13E3C1FFDA9F12B5DF11C91931691A7F91131ED34ED8FCF623FE75F7EE32302BE3736A9CD5D43B1E8D18A8AD0F04F8D7E1F5D2FC4D1DFC2A161D410BB0038F31786FCC60FE75E7D5EEDF1CAC05C78460B9C7CD6D74A738ECC0A9FE95E103AD7D565359D5C2439B75A1FCB5C65818E0739AAA0AD19DA4BD5EFF8DC5A28A2BDA3E2828A28A0028A28A0028A28A0028A28A0028A28A0028A28A0028A28A0028A28A0028A28A0028A28A0028A28A0028A28A0028A28A0028A28A0028A28A0028A28A0028A28A0028A28A0028A28A0028A28A0028A28A0028A28A0028A28A0028A28A0028A28A0046EB5F427C188FCAF01DAB7F7E799CFFDF58FE95F3D11935F447C1C7DFE00B31FDD9265FF00C7CD7CE679FEECBD51FA7787897F6BC9F5E47F9A3B63C8AF9FBF6DAF087FC243F07BFB5A38F7DCE85791DD640E442FFBB93F0F994FE02BE81C645677893C3D67E2BF0FEA5A2EA2864B0D46DDEDA755383B1C60E0F623A83D8815F1542A3A352353B1FD2325747E47E70694B678AFBAF57FF82777862604E99E2FD66C8F61756F0DC01F96C35C56AFFF0004EDF10C3B8E99E32D2AEC0E8B77692C04FE2A5C57D84730C34BED5BEF38EE8FCFAF88E9B7C431B63EF5BA7E84D27C2B856E3E29782E27E11F5CB056FA7DA63AF4FF00DAC7E01F89BE076B7E1E1E213632AEA76F37D9E6B09CC8ADE5B0DC0E54107E71C7BD78F783F511A3F8C7C3F7E4E16D352B59C9F4093237F4AF6E9CE35297341DD58F96C4596224FCCFE8165FF5F2FF00BCDFCE928760F348C390589047B9CD15F99A3E9E3B20A28A29941451450014514500145145001487A52D21E949899CB7C50F10A784BE1B78B75B9182269DA45DDD163DB6C2E47EB8AFC0C8411147BBEF6D19FAE067FAD7EC1FFC1447C76BE0BFD9835FB349025E788AE20D1A11DD95DBCC948FA471B7E75F8FCEC0066638032C49F4EB5F6392536A8CA7DDFE47CFE613BCD47B1FA05FF04A1F0109750F1EF8D668777911C1A35AC8474663E74D8FC0440D7E8BAD783FEC43F0BDFE15FECDBE14B1BA84C1A9EA91B6B37AAC30C24B8C32A9F758846BF81AF790315F3B9855F6D899C977B7DC7A986A6E9D24BA88DDABE13FF82AC780FF00B43C05E0BF18C30E65D2F50934CB8940E4453A6E4C9F41247FF8F57DDA466BCC3F698F865FF0B7FE04F8CBC2D1A07BEBAB069ACB23A5CC444B0FE25902FF00C0AB3C1D5746BC26FA1788A7ED29389F866CA1C153D1860FF2AFDC7FD967C48BE2CFD9C3E1B6A41B717D0ADA173FEDC4BE530FCE335F87586EEA51B1CA37553E87DC57EAB7FC1307C78BE23F8057DE1C79435D786F55962084F2209C79D1FE1BBCC1F857D56754F9A829AE8FF33C6C04AD5395F53EC31D2969074A5AF8A5DCFA24145145318514514005145140051451400535CE29D481773A81DC81FAD2627B1F87BFB57C4B0FED35F145108DA3C4174463DC827F526BCFBC2ABBB5C83BE158FF00E3BFFD7AEB7F689D5575BF8FDF122FA36DC937886F8AB7A813328FFD06B63F667F81FE22F8EFE39BED23C38D6514F63626EE79AFE631C6885D507214924961C62BF49538D3C3A7376492FC8F96A5AE217A95C1E83BD1D4F15F63E8DFF04D4F11CFB7FB5BC71A45A29E4AD959CD391F8B1415DD68DFF04D6F0A4207F6AF8CF5CBE38C11696F0DB83F9EF35E44B31C3474E6BFDE7D45D1B7FB0B7828F863E07C5AA4B1EDB9D7EF25BEC91C9857F7517E18463F8D7D142B3F40F0FD9785343D3F44D350C7A7E9D6F1DA5BA139223450A327B9E324FA935A0062BE3ABD475AA4AA773BA2AC8E43E2CC225F87FAB67F856371F5122D7CE03AD7D25F155F6FC3ED67D4C683FF001F5AF9B41E6BECB217FECF2F5FD11FCEBE2325FDA74DFF00717E6C5A28A2BE98FCA828A28A0028A28A0028A28A0028A28A0028A28A0028A28A0028A28A0028A28A0028A28A0028A28A0028A28A0028A28A0028A28A0028A28A0028A28A0028A28A0028A28A0028A28A0028A28A0028A28A0028A28A0028A28A0028A28A0028A28A0028A28A0043C9AF79F81B72B37836587BC377229FC42915E0F8AF5CF8037FCEB362C7FE79DC28FCD4FF004AF0F388736124FB33EFF81710A8E774D3DA4A4BF0BFE87B08A4619A51C8A46AFCF4FEA337606F3218DBD40A795E2AB69ADBAD53D4122AD1E86AF7479ED6B63E22FF0082AAF848EA5F08BC23E2245DCDA46B46DE461DA3B88881F86F8907E35F98326E28FB0E1F69DA7DFB57EE17ED53F0E24F8ADFB3E78E3C3B04665BE974F6BAB35C64FDA202268C0FA9423FE055F87C8DBF0F82338201ED5F6F9354E7C3BA7D99F398E8F2D4BF73F7ABE0EF8B23F1DFC27F06788A27DEBA9E8D69724FFB46250FFF008F06AEC6BE48FF0082687C444F177ECECBA049286BDF0B5FCB62549E7C89333427E9F348BFF00AFAD56BE4F134DD1AF3835D7F33DCA13E7A6A43A8A28AE73A028A28A0028A28A0028A28A0029A4E073D2973CD705F1BFE2D699F03FE186BDE32D536BA69F0FF00A3DB31C1B9B963B61847FBCE467D0063DA9C60EA49423BB339C9462E4FA1F9E5FF00053FF8B6BE2CF8B3A4F81ECA6F32CBC2D6E64BA0A7837B380587D522083D8BB57847ECB5F0724F8E7F1C3C37E1978D9B4A59BEDDAAB81C259C243499FF0078ED41EEE2BCDBC47E22D43C59AFEA9AE6AF726E754D46E24BCBBB86FE391D8B31FA67B7A01E95FAA9FF0004EBFD9F1FE147C2A7F166B36A60F12F8B123B8F2E45C3DB588E608CFA17C99187FB483B57DBD79ACBB06A0B7B597AF53E761178AAF767D688154055411A0E15146028EC07D053E9314B5F0C8FA55B0537255811C302083EF4EA4C500CFC66FDB93E0CB7C1CF8FFADC76B0793A0EBE4EB3A69518455918F9D10FF725DC3E8CBEB5D2FF00C139FE2DA7C37FDA060D1AF67F274AF16C1FD96E5CE156E41DF6CC7EADB933FEDD7DCFFB737ECFCFF1E3E0D5C36976FE778AFC3C5F52D2C2FDE9C6DFDF5B0FF7D0657FDB45F5AFC77B5B99EC6EE1B9B6964B5BA82459629932AF1BA90CAC3D0A900FD457DC60EA471F8374E5BDACFF004FD0F9AAD1787AFCC8FE84C138FE87B53EBC8FF65EF8E16DFB407C1CD17C5019175755FB1EAF6EA7FD4DE20024E3FBAFC3AFB3D7ADE6BE2AA4254A4E12DD1F450929C54975168A28A82C28A28A630A28A2800A28A2800ACFD7B5A83C37A2EA1ABDCB05B7D3EDA5BC918F002C68CE7FF41ABCD5F3B7EDF5F1157E1F7ECC5E295494477FAF6CD12DB0707331CCA47D22592B4A54DD6A91A7DD98D597241C99F8F1A86A32EB3A8DDEA139CCD7934972E4FF0079D8B9FD5ABF42FF00E0937E1129A7FC45F14BA604B2DA6930BE3821434D20FCDA3AFCEB240E7A28F5EC3FFD55FB31FB08FC3A7F871FB32784E1B884C3A86B0B26B772AC30C1A760501FA44B18AFB3CDEAFB3C338AEBA1E060A2E75AFF0033E81033CD239DAAC7D0669C3A557BE7D96D21F518AF863E912B98E0E727D683D29146295AB2E87A1D0E13E33DCF91E02B94CF334F147FF8F64FFE835F3E0EB5ECFF001F2F845A6693640E0C933CC47A855C7F36AF181C57E8192C3970A9F777FD0FE62E3EC47B6CEA515F66315F9BFC9A168A28AF7CFCE828A28A0028A28A0028A28A0028A28A0028A28A0028A28A0028A28A0028A28A0028A28A0028A28A0028A28A0028A28A0028A28A0028A28A0028A28A0028A28A0028A28A0028A28A0028A28A0028A28A0028A28A0028A28A0028A28A0028A28A0028A28A002BB3F841AA8D37C73691B3623BB47B66E7B9195FD40FCEB8CA92D2EE4B0BB82E6238961916443E854E47F2AE5C452F6D4A74FBA3BF2EC53C0E3296297D8927F73FF2D0FAE57914119AA7A5EA716AFA6DADF427315CC6B2AFD08CE3F0AB83A57E58D38BE567F67D3A91AB05520EF17AAF32FE92F8122FA106B47AD6469AFB6E8027860456B2F4AA473CD5A404ED208EDCF35F8ABFB657C177F821F1EB5ED32DE031685AA39D5B496C7CA60958968C7BC726F43EC17D6BF6AC8CD780FED95FB35C7FB467C306B5D3D628BC5FA396BAD1A790850EC47CF6CCDD964000CF660A7D6BD7CB714B0D5BDEF85E8CF331745D585D6E8F80FF00E09E9F1A22F853F1DE0D2B52B85B7D0BC5912E953C9236123B80DBAD9C9EDF3E509EC24AFD780769C6083D304735FCF86A5A75E68DA8DD585FDACD617F6B33C13DB4EA5258645386461D558118FC2BF513F620FDB62C7E28695A7F817C717E969E38B54582CEFAE5C2A6B08A30BF31E05C003057F8FEF0E4915EB66D83737F58A7AF7FF3387055D43F772D0FB34734B4DCE0E3B8EA3D29D5F29E47B898514514CA0A29334668016909C504E0572FF10FE26F85BE14F8725D7BC5DADDA685A5C60E25BA7C34ADFDD8D065A46FF65413425293B455FD0872495DB3A39E78E0864966912186352EF248C155540C9624F0001C927818CD7E477EDE1FB51C5F1E7C730683E1DBB697C0FE1F9185BCC990BA85D1CABDCE3BA01948F3FC3B9BF8AAEFED69FB786B3F1CE1BAF0B78523B9F0EF8158ECB8121DB77AA0CFFCB6C7DC8FFE9903CFF113D2BCEBF65DFD973C45FB4A78BFECF6C24D33C2D6322FF6AEB8532B08EBE5459E1E661D0745FBCDC000FD660704B089E2710D26BF0FF8278788C43AEFD9D24775FB08FECB327C72F1E2F8935FB42DE05D02757B85901DBA85D2E192D87AA8E1A4F6C2F56AFD7154C00381F4181F9561F817C0BA1FC36F08E97E19F0E58269BA2E9B1086DED939C0EA598FF1331CB331E4939ADF15E0E37172C5D4727B7447A786A0A842DD45A28A2B80EC0A28A2810CC11C8241F51DABF2D7FE0A1BFB2BB7C38F154DF123C35658F0A6B7719D4ADE04F974EBD7272D81D2294E48EC1F72FF0012D7EA6D66788BC3BA678AF42BFD1B59B18752D2B5085ADAEACEE17747346C30CA47F51C8C023915DB84C54B09554E3B75FEBB9CB88A0AB42DD4FC78FD8C7F6967FD9CFE2779BA9C92BF83B5A0B6DAC4299630E09F2EE5547568C939C72519875C57EC6E97A9DA6B1A75ADFD85D437B6375124F05CDBB878E58D8655D58705483C115F8F5FB5D7EC89ACFECE3E246D434F59F54F015F4DB6C3533F33DAB1E45B5C11D1C7457E8E07660455CFD94BF6D8F10FECED2C7A1EA514BE22F01C92166D337813D91639692D99B81EA623F2B76DA793F438DC1C31D0588C3BD7F3FF008279787AEF0F2F675363F6141CD2D711F0ABE32F83FE3578746B3E0DD72DF58B50079D0A1D9716CDFDD9A23F3467EA31E84D76B9F4E6BE4A51941F2C9599EDC64A4AE98EA292968340A28A2800A2929A5B14896C56E9CD7E58FF00C14D3E33C7E36F8AFA7F81F4DB812E9BE138DBED6636CAB5FCA0175F4CC68153D897EF9AFAA3F6CBFDB3F4BF80DA1DDF86FC377506A1F116EE2291C4843A692AC389E6EA37E3948FA938270073F92734D75AADFBCB2B4F797B732EE776CC92CD2BB727D59998FD493EA6BE9F29C1C94BEB15345D0F171B5D3FDD4753D0FF00672F83F73F1D7E327873C231239B2B89FCFD46541C43671E1A6627B657E41EA5C57EE5DBC115AC11C16F12C30468A91C49D1100C2A8F60001F857CC5FB097ECBB27C04F00CDACF886D847E37F10A23DDC6D82D616E3E68ED73FDEC9DEF8FE2C0FE1AFA8877AE0CD314B135AD1F8627560A8BA50E67BB0CE0551D55F112AFF79B9FA0ABCD595A9B979917FBA3F5AF19E88F520AF248A8286E941E054375751D9DACD7133058A1432393D940C9AC926F45B9D529A845CE4EC91E0BF1AF54FB778CBECCAC0AD940B11C7F78FCCDFCC0AE0AACEAFA949ACEAB777F2E4C9732B4A73EE7207E038FC2AB57EA785A5EC28C297648FE34CDB18F30CC2B62BA4E4DAF4BE9F80514515D8796145145001451450014514500145145001451450014514500145145001451450014514500145145001451450014514500145145001451450014514500145145001451450014514500145145001451450014514500145145001451450014514500145145001484714B41A00F6DF81DE2417BA35C68F2B7EFACDBCC881EF131E7F26CFE75EA00F15F2BF853C45378575EB5D46105844D89107F1C67865FCBF5AFA7EC2FEDF54B282EED6512DBCC8248DC7707FCFE95F9F67185F615BDAC7E197E7D4FE94E04CE638FCBD612A3FDE52D3D63D1FCB6FC4B51BF9532BFF74835BCB5CFB027A56D59C9E65BA37B63F2AF122D1FA2D55B32C535867A8A5073455981F2E7ED71FB1168BFB41A4BE22D06583C3FE3D8E30BF6B75C5B6A2AA3E54B80390C00C094723A10474FCB3F88FF000BFC59F083C4AFA278BB45BBD0B5346CC6B30F92600F0F1483E5907008653E9D0D7EF791C560F8CFC0BE1EF889A24BA3789F44B1D7F4B93EF5ADFC025407D573CA9FF694835EDE0F34A987F72A7BD1FC57CFF43CDAF838D4F7A3A33F2E7E057FC1473C7FF0C2DADB48F1540BE3DD0A10111EEE6316A30A0E30B3F224007412027FDA15F65F80BFE0A21F057C690C62F75FB9F08DEB0E6DB5FB568D41F4F393721FAE4579F7C4DFF825AF81FC432CB75E0AF10EA3E109DB2459DD2FDBED01F41B889147B6E6AF9C7C59FF0004CBF8C5A03B1D28E83E27833F2B596A1F67908FF7260BF96EAEF92CB717EF7372BFBBF3D0E44F17434B5D1FA71A1FC61F01F89E359349F1B78775146C106DB55818FE5BF22B74F8934854DE758D3827F78DE458FCF757E2EEABFB15FC6CD2E422E3E176B570C3F8ADA18AE01FC51CD650FD943E30336C1F0ABC519CE31FD94F8FE58ACFFB2B0F2F86BAB7CBFCCD1636AF5A67EC97883E387C3BF0AC6CFABF8F3C37A76D19227D560CFF00DF2189FD2BC7BC67FF000513F825E128E416BE22BBF145C28E21D0AC649558FF00D7493620FAE4D7E73E8FFB127C6FD51C0B7F861AB5A9271BAE960B61F897715E97E17FF8264FC63D7191B533E1FF000E427AB5E6A5F6871FF00855B3FF007D50B0181A5FC5AD7F9FFC3B13C56267A460765F14FF00E0A9FE29D6E29ACFC05E19B4F0C42D951A8EAAE2F2E80F558C62253F5DF5F1EF8C3C6FE2AF8ADE275D47C47ABEA5E27D72E4EC8DAE5DA694E4F0B120FBA3FD940057E83F807FE094DE1AD3E48E7F19F8D352D7194E5AD347B75B284FB1918BBE3E8057D59F0BBF67EF879F06220BE0EF09E9DA3DC630D7C23F36EDFF00DE99F2FF009115AFD7B058456C3C2EFF00AEBB91F56C45777AACFCF0FD9CBFE09CBE2DF8837769AC7C448AE7C1BE190449F606C2EA5783AED0BCF90A7FBCFF0037A2F71FA6BE0AF05685F0F7C3361E1EF0DE976FA3E8D629E5C1696CBB5547727BB31EA589249EA6B6C0C1A7D7858AC6D6C5CAF37A765B1E9D1C3C28AD37100A5A28AE13AC28A28A60145145001494B452119BE20F0FE99E29D1AF748D62C2DF54D2AF62305CD9DDC6248A643D5594F51FC8F2306BF367F693FF00826C6BDE19BBB9D77E142CBE21D158991FC3D2C80DF5AF7C42C70274F404871FED57E9C5348E6BB30D8CAB8495E9BD3AAE87356C3C2B7C47E02E91ADF89FE1778B3ED3A6DDEABE15F1258B6D2D133DADD4441FBACA7071EAAC083E95F5C7C2BFF82A2F8E3C351C569E38D0ECBC656CB806FAD58595EE3D5B00C6E7EAAA7DEBF437E257C17F03FC60B1FB378CBC2FA76BE00C24D730E278FF00DC9570EBF81AF94FE207FC12AFC17AC4924FE0FF0015EABE1991B95B5D4235BFB71EC1BE4900FA96AF7FFB43078B56C4C2CFBFFC1DFF0003CCFAAD7A0FF74F43D03C13FF00051EF82BE2C4896FF57D43C2770DD62D6AC1C22FFDB58B7AFE3C57B2F877E3DFC35F16C6AFA3F8FF00C35A806E42C5AA421BFEF966047E55F9BDE29FF8260FC5DD11A46D22F3C3BE25887DD305EB5AC8DFF0195401FF007D57996B3FB0F7C71D2E465B8F867A95E6DFE2B3682E87E1B1CD66F0381ABAD3AD6F9FFC3329627130D2503F65D3C4DA3C91EF4D634E74FEF2DEC447E7BAB1F59F8B1E09F0E46D26ABE32F0FE9C80649B9D5204FD0BE6BF185BF650F8C113EC3F0ABC50A7D0696D8FD38AD1D33F62FF8D7A94805BFC2BD72263FC5716F1C03F3765A9FECAC3AF8ABAB7CBFCC6F1B57A5367E95F8EBFE0A07F04BC1314A22F153F89AED01C5AF87ED9EE771F4F30858C7D7757C7DF1BBFE0A63E36F1D4171A5F816C078134A90146BEF304FA948BECF8D90F1FDC04FFB55CFF857FE09A7F1A3C4322FF695B689E1A87BBEA3A9ACAE07FB9087FCB35F437C36FF008256785348962B9F1C78AEFF00C4AEB826C74A8BEC36C7D8B92D211F4DB5A46196E13DE72E77F7FF00C021CB175F4B591F9E1E11F0678A3E2A78AD749F0F6977FE25F105E3991E2B75696562DF7A491CFDD19392EE40F535FA6FFB21FEC15A77C16B8B4F17F8D9EDB5BF1C261ED6DA13BED34A623EF213FEB26EDE6745FE11DEBE99F87FF0C7C29F0AB451A47843C3F61E1ED3F8DD1594214C847777E59CFBB135D401C57162F349D75ECE92E58FE2CE8A18250F7A7AB1AA39E98A7514138AF0CF51211AB12E9FCCB991BDFF00FAD5B13C9E5C4CFE809AC21C9E79ACE6FA1BD25BB149E2BCE7E357890697E1A1A6C6F8B8D41B6903A889796FCCE07E75DFDCDC456B6F2CF348B1431297776E8AA06493F866BE64F1AF89E4F17F886E2FDB2B07FABB78CFF0C63A7E27A9FAD7B594615D7C429BF863AFCFA1F01C719CACB72F787A6FF795745E4BABFD179B3131451457E847F328514514C028A28A0028A28A0028A28A0028A28A0028A28A0028A28A0028A28A0028A28A0028A28A0028A28A0028A28A0028A28A0028A28A0028A28A0028A28A0028A28A0028A28A0028A28A0028A28A0028A28A0028A28A0028A28A0028A28A0028A28A0028A28A0028A28A0046E457A2FC29F888BE1D9BFB2F52976E9B2BE6395CF1039EB9FF0064F7F43CF735E76466931C5726270F0C4D374EA6DFD6A7A99666588CA3151C5E19DA4BF15D53F267D78B206504104119041EB5A5A5499474F421B1ED5F30784BE286B1E13896D9592FAC57A5B5C13F27FB8C391F4E95E8FE13F8E516ABE23D3AC1F4BFB225D4821699AE376D2DD38DA3BE07E35F0F5B28C4D16DC55E3E47F436078DF2AC753846AC9D3A92B2E569BD5F669356F5B1ED0BD2969052D7927DC20A28A298C4233498E69D45210CD80761F951B3EB4FA29585619B07A0FCA942E29D4535A058414B499A3345C62D14D2D8A172DF7416FA0CD003A8ACAD5FC4FA4680A5F54D5B4FD35475379751C38FFBE88AE2355FDA53E16E8A596EBC79A26E5EAB04E663FF008E035A461396D1607A6515E1977FB69FC22B4240F12CF738FF009F6D367707E8768ACF6FDBA3E1406205FEAEC0771A5495AAC3567F61FDCC67D07457CF83F6E8F850481F6FD607B9D2A4FF001ABF69FB6AFC22BB201F11DC5B7FD7C69B3A8FD14D3785AEBEC3FB98AE7BA515E61A5FED33F0AF582AB6DE3CD1831E8B7133407FF1F515DC691E2BD13C4081B4BD674ED494F4FB1DDC737FE82C6B1709C774D7C82E6BD14D2197EF02BF514039EE3F0ACC63A908CD19A3345C426DA4283D01FC29F4501618171F4A4F2C7B1FA8A928A35158685E69452D14218514514C61487A52D358F14AF613296A926D8553FBE7F4ACBE98CFE75C178EFE3445E1DF145E698BA69BC5B50A86559F67CE46586369E9902BCD3C59F16358F1442F6AA134EB36E1A1818EE71E8CDD48F618AF568E5389AED36AD17D4F8BC7F1AE5397C27084DCEA46EB9527BAEEDA4ADE97373E2D7C464D5CBE8BA5CBBACD1BFD26743C4CC0FDC07BA8EA4F7C0AF2F5E946D1D3B52818AFB8C361A9E1692A74D68BFAB9FCEF9AE6988CE3152C5625EAF65D12ECBFADF50A28A2BB0F2428A28A0028A28A0028A28A0028A28A0028A28A0028A28A0028A28A0028A28A0028A28A0028A28A0028A28A0028A28A0028A28A0028A28A0028A28A0028A28A0028A28A0028A28A0028A28A0028A28A0028A28A0028A28A0028A28A0028A28A0028A28A0028A28A0028A28A0028A28A4018A58A5782449236D922306561D883907F3A4A0F4A9695ACF616DAADCFB1FC2FADC7E23F0F69DA9C78C5D42B2103B363E61F810456B0E82BC77F674F117DAB47BFD1657FDE5AC9F68841EA637E0FE4C3FF001EAF621D057E6B8BA2F0F5E74DF73FADB23C7ACCF2FA58AEAD6BEAB47F88B45145721EF0514514802909C526EACAF1278AF46F07E96DA96BBAA5A691609D6E2F6611A1F619FBC7D8668576ECB515CD6C8A41CB003249E80735F2B7C45FDBF3C2BA1992DBC21A55CF89EE4640BBB826D6D33EA3237B8FA05AF997C7FF00B56FC4BF8822586E3C40FA3583F1F61D141B58F1E8581DEDF8B7E15E9D2CBEBD5D5AE55E60B53F45BC69F167C1DF0EE22DE24F12E9DA4B819104D383337D235CB9FCABC1FC61FF000502F066925E3F0EE8DAA788A51D25942D9C07F16DCC47FC0457C0AE5A495E5762F2B9CB48E72CC7DC9E4FE349D2BD6A596528ABCDB63B1F4978ABF6F6F88BAD174D22D748F0EC27A186DCDCCA07FBF21C67FE022BC93C4BF1C7E2178BF78D5BC67AD5D23F5892EDA18FFEF88F68C5715457A30C351A7F0C57DC3B093335C48649899A43D5A43BDBF33CD0BC018E3E94B45745ADB0C3F13498A5A298098A5FC68A28011B9073CFD69B18F2641247FBB71D193E561F88E69F452B01D8786BE3478F7C2057FB1FC63AD592AF48C5E3491FFDF0E5863F0AF5AF0B7EDE1F1274428BAA2695E2384707ED56BE44A7FE07111CFF00C04D7CEB49584F0F46A7C5142B23EF3F087FC141FC27A9148FC49E1FD534190F067B565BC847E036B8FC8D7BC7827E337823E2328FF8477C4FA76A53119FB30984738FAC4F86FD2BF24E8190EAC386539560795FA1ED5E6D4CB28CBE0761729FB418C360E437A1E29722BF2CFC03FB507C4AF875E54561E249F50B08F1FE81ABFF00A5C38F41B8EE5FC1857D31F0EFFE0A03E1FD57CBB5F19E8B71A0CE7837DA793736C4F725389147D375795572EAF4B55AAF213D0FAD339A5AC3F0978D740F1D698350F0EEB167AD5911CCB6530936FB30EAA7EA056D6EAF31A7176968171D45145218514514C043D2A96ABA8C5A469B777D39C436B134CFF4504FF9FAD5D3D0D7967ED01E22FECBF0945A6C6D89B52976B0FF00A649CB7E6768AE8C3D275EB469AEA78F9BE36397606AE2A5F653B7AECBF13E7BD46FE6D5750B9BD9CEE9AE65695CFBB124FF003A87140E9457E9AA292E548FE4494A551B949EAF56145145500514514C028A28A0028A28A0028A28A0028A28A0028A28A0028A28A0028A28A0028A28A0028A28A0028A28A0028A28A0028A28A0028A28A0028A28A0028A28A0028A28A0028A28A0028A28A0028A28A0028A28A0028A28A0028A28A0028A28A0028A28A0028A28A0028A28A0028A28A0028A28A00283D28A2803A6F867E25FF844FC69A7DEBB6DB676F22E3FEB9BF04FE0707F0AFAD81E71D71DC57C444678F5AFAA3E1178A7FE129F05D9C92B87BCB4FF00459FD4951F2B7E2B835F259DE1F48D75E8FF0043F64F0FB33E5954CBAA3DFDE8FEABF55F33B7A4A09ACAF12789F4AF07E8F71AB6B7A95B695A6C03325D5DC81117DBDCFA01927B57C9A4DBB1FB723519B15CC78F7E26F863E18E95FDA1E27D6ADB498083E5A4AF99663E91C632CE7E83F2AF93BE31FEDED3CC67D33E1D5A7931F2A75CD46205DBDE184F03FDE7E7FD9AF91F5DF10EA9E2AD5A7D4F59D46EB55D4673992EAF253248DED93D07B0C01DABD9A1964EA7BD5745F8FF00C00B367D59F157F6FDD4B50335978074B5D2EDCE546ADAA209276F7487954FF81163ED5F2CF8A3C5BADF8DF547D4B5FD5AEF59BF639F3EF653232FB283C28F6000ACAC50062BE868E1E9D156822AC18C9CF53EB40A5A2BA6C30A28A2800A28A4278A005A435A3E1DF0CEB1E2FD563D3343D32EF57D41F95B6B284C8FF520741EE4815F45F817F605F1AEBE91CFE24D4EC3C2D03609B71FE977207A10B8453F563F4AE7A95E9D1F8E560BA5B9F3193499AFD07F0F7EC07F0F34D443AA5FEB9AE4A07CDBAE56D909FF007635CFEB5D8DA7EC79F08AD500FF0084412723BCF7B70E4FFE3E2BCF96694168AEC9E63F31F34A0D7E9C5DFEC77F086ED48FF84412DF3FC56F7B70847FE3E6B8DF107EC07F0F352573A5DFEB9A1CA47CBB6E56E501FF007645C9FCE88E6941E8EE8398FCF9A5AFA73C77FB02F8D741579FC37A9D878A205C916E7FD12E48F40189463F461F4AF9CFC47E19D5FC1FAAC9A66B9A65DE91A847F7ADAF21313FD403D47B8C8F7AF429D7A75BE095CABA7B19F452034B5D001451450014D229D45005FF000FF88F56F096A71EA5A26A577A4EA087E5B9B299A293F120F23D8E6BEA0F857FB7D6BBA2F9565E3AD3575FB41853A9580586ED47AB270927E1B4D7C9FD680315CD5B0F4EB2B4D09AB9FAE3F0EBE2D784FE2B69C6F3C31AD5BEA5B4665B60765C41FF005D226F997EB8C7BD75C0D7E34E95ABDF681A9C1A86997971A75FC077457569218E543ECC0823E9D2BEAFF83BFB7AEA5A51874CF8856ADAADA70835AB08C0B941EB2C430B27B95C37B1AF02BE59387BD49DD76EA4DAC7DD14B587E11F19689E3CD122D5FC3FAA5B6AFA749C0B8B67DC01FEEB0EAADFEC900D6D83C5788EE9D9EE0359BB019AF96BE32789BFE125F1BDDF96DBAD6CBFD122C1E0ED3F39FC5B3F957D01F11BC523C21E11BFD41580B8DBE55B83DE56E17F2EBF857C91CB1258966EE4F535F539250BB9577D3447E33E20E656853CBA0F57EF4BFF006D5F9BFB851D28A28AFAF47E24828A28A630A28A2800A28A2800A28A2800A28A2800A28A2800A28A2800A28A2800A28A2800A28A2800A28A2800A28A2800A28A2800A28A2800A28A2800A28A2800A28A2800A28A2800A28A2800A28A2800A28A2800A28A2800A28A2800A28A2800A28A2800A28A2800A28A2800A28A2800A28A2800A28A2800A28A280108AF44F81BE2CFF847FC5CB6333EDB4D4C08483D165FF966DFCD7F1AF3CAA7ABEAC341D2EF352DDB3EC9134E187665195FD715CD88A51AF4A54E5B347A59662AB60B1D4ABD0D64A4ACBBF4B7CEF63D9FE3AFED7FE1AF84ED75A3E90A9E25F14C5946B589F16D68DFF4DA41DC7FCF35E7D4AD7C19F123E2AF8A7E2CEB3FDA5E26D524BF9109F22DD7E4B7B61FDD8E31C28F7E49EE4D72F757535FDD4D73732196E2791A695D8E4BBB316663EA4924D300C578786C253C3AD16BDFA9FD82A360028A5A2BBCA0A28A2800A28A2800A28A42714300CD7D03FB3AFEC95AAFC604875DD7259B44F0896CC72A0C5C5F60F22207854E08F30E7FD907A8A7FB277C034F8CBE3196FF005884B785347656BB5E82EE53CA5B83E981B9F1FC200FE2AFD26B7823B68238618D218A35091C71AED5450300281C0007402BC3C7635D17ECA9EFD4CF98E7FC0BF0EFC3BF0D7465D2FC33A4DBE9367C6F10AE5E53FDE91CFCCEDEEC7F2AE940E280296BE69B727760976131462968A456A2628C52D1406A211C5737E39F87BE1DF893A2B695E25D22DF56B339DA265C3C47FBD1B8F991BDD4FE75D2D2114D3717744B47E707ED17FB256ABF08127D7743966D6FC221B2F238CDC5864F02503864C903CC1FF0203A9F9FB35FB373C11DD4324334692C52A9492391772BA9182083C1047506BF367F6B2F8069F06BC6315FE8F0B2F84F58666B45EBF649472F6E4FA60EE4CFF0E47F0D7D2E071AEB7EEAA6FD013773C2E8A40734B5EE1A051451400514514009411C52D1401D17807E23F897E186B8BAB7867559F4BBBE048233BA39D47F0C919F95C7B11F4C57DD9F02BF6CDF0F7C497B5D1BC4EB0F867C492111A12E459DDB1E00473CC6C4FF00031FA31AFCF0A42595815255860823B11C83F9D70E23090C42D56BDFA92E373F463F681F167F6A78861D1207260D3816971DE661CFFDF238FC4D7952D67786FC41278AF42B0D5E795A6B9BC884B348C725A43F7C93EBB81AD2AF670B463429469C7A7F4CFE45CEB155B1998D6AD5F4973356ED6D2DF80514515D678C1451450014514500145145001451450014514500145145001451450014514500145145001451450014514500145145001451450014514500145145001451450014514500145145001451450014514500145145001451450014514500145145001451450014514500145145001451450014514500145145001451450021ED5C0FC6BD4FEC3E06960070F7B3240307B67737FE822BBE6AF19FDA0AFF003368B620F0164B861EE4851FC8D6555DA0D9F55C2B8658ACE70F06AE93E6FF00C075FCCF225E49A75357AD3ABCE47F55A0A28A2800A28A2800A28A2800A6C8C114B37DD5049FA0EB4EA64B8D8D9E98E73E949BB2B81FAA3FB34F80A3F877F057C31A779623BCB8B65D42F0E3969E601DB3F40557FE035E9735C456913492BAC51AF5663C0A8346F2CE91A7F958F28DAC3B31FDDF2D71FA5723E39BC793538ED892218903E07727BD7E7988A8D394DEBA974697B59729D11F176940E3ED59FA46C7FA51FF00097695FF003F27FEFDB7F8579D01C734B8AE055E47A4B054DF567A27FC25DA57FCFC9FFBF6DFE147FC25DA57FCFC9FFBF6DFE15E778A314FDBC87F52A7DDFE1FE47A27FC25DA57FCFC9FFBF6DFE147FC25DA57FCFC9FFBF6DFE15E778A3147B7907D4A9F77F87F91E89FF097695FF3F27FEFDB7F8503C5BA5138FB563EB1B7F8579DE2908E38149D7909E0A9F767AC437115D42B2C4EB2C6DD194E41AF35FDA5BC051FC44F82BE27D3BCA0F796F6CDA8599C72B3C20BAE3EA032FF00C0AB57C0F78F1EA6F6C1B314A8588F423A1AEB75928347D40CB811FD9A62F9E9B7CB6CFE95DF87A8DCA335A599E656A5ECA5CA7E36230650CBF758023E87A53A9916362E3A638A7D7E869DD5C90A28A29805145140051451400534F5A752119A1833DEBE056A86EFC2571684E5ACEE58019E8AE030FD7757A40AF0FF008037FE56B7AAD913C4D6EB2A8F746C1FD1ABDC16BBE93BC51FCB5C5D86585CEABA5B4AD2FBD2B8B451456E7C785145140051451400514514005145140051451400514514005145140051451400514514005145140051451400514514005145140051451400514514005145140051451400514514005145140051451400514514005145140051451400514514005145140051451400514514005145140051451400514514005145140086BE7BF8DF77F69F1D18B3916F6B147F89058FF3AFA1186457CCBF146E3ED3F1075B6CE76CC231FF0001402B9ABFC363F4CF0FE973E6B3A9FCB07F8B48E628A28AE33FA2505145148028A28A0028A28A0029AEA186D2320F047AD3A908CD007EA47ECBFF001022F889F04BC377BE6892F6C601A6DEAF759A101727FDE5D8DFF02AED7C53E1C7D5B65C5B63ED0836956E370CFAFA8AFCECFD96BE3D1F827E35923D4DDDBC2DAB158F5055058DBB0E12E157B95C90C072549EE057E96D95EDBEA56705D5A4D1DD5ACF1ACB14F0B8749118655948EA08E86BE231F86F6737FCAC509CA9CB991E767C39A9A9C7D866FC00FF001A5FF847753FF9F19FFEF915E94173C9A76DF61F95793F578F73B96367D91E67FF0008EEA7FF003E33FF00DF228FF847753FF9F19FFEF915E99B7D87E546DF61F953FABC7B8FEBB3EC8F33FF00847753FF009F19FF00EF9147FC23BA9FFCF8CFFF007C8AF4CDBEC3F2A36FB0FCA8FABC7B87D767D91E67FF0008EEA7FF003E33FF00DF2290787753638FB0CDF881FE35E9BB7D87E54D2B8E693C3C7B89E367D91CF785FC38FA4EFB8B9C7DA1C6D0ABCEC1DF27D4D717FB50FC408FE1D7C12F12DEF9A23BEBD80E9964A4F2D34C0AE47FBABBD8FF00BB5E9F7B7B6FA759CF77753476B6D046D2CB34CC1123451966627A003A9AFCD1FDA97E3D7FC2EBF1A245A63BAF857492D1E9EAC0A99D8FDFB861DB760050790A07726BD6C061BDA4D7F2ADCE19CE55657678A22851B40C01C014EA414B5F6E30A28A2800A28A2800A28A2800A28A28133B3F83979F65F88362B9C2CE92C27DF284FF004AFA397A57CB7E00B836BE39D0E5E98BB404FB1E3FAD7D4806322BB30FF0B47F3EF8874B9332A5517DA87E4DFE96168A28AEA3F2D0A28A2800A28A2800A28A2800A28A2800A28A2800A28A2800A28A2800A28A2800A28A2800A28A2800A28A2800A28A2800A28A2800A28A2800A28A2800A28A2800A28A2800A28A2800A28A2800A28A2800A28A2800A28A2800A28A2800A28A2800A28A2800A28A2800A28A2800A28A2800A28A2800A28A2800A28A28010F6AF95BC6D279DE33D71FAE6F65FD188FE95F550FBCBF5AF93BC50D9F13EAE7FE9F66FF00D0CD7357D91FAE7874BFDAF112FEEAFCCCEA28A2B8CFDE428A28A401451450014514500145145002639CF7AF71FD9EFF006A9D73E0AB47A4DEC526B9E11672C6C0BE25B524E59A063C0F5287E53EC79AF0FA422B2AB4E35972CD5D09AB9FAE3F0E7E2B785BE2BE922FFC31ABC3A8AA8CCD6FF72E203E92447E65FAF4F426BAF078AFC68D2B56BFD075086FF4CBCB8D3AFA1398EE6D25314A9F4604115F40F81BF6E9F889E1848EDF585B1F16DB2E06EBE430DC63FEBAC78CFD594D7CE56CAA69DE93BAEDD4949A3F45B3466BE52F0F7FC142BC21788A359F0CEB5A549D19AD9A2BB8C7EA8DFA576769FB6EFC24B9505F5AD42D4E3EECFA5CC0FE80D79EF075E3BC18F53DEA8CD7825DFEDBBF092DD4B26B5A85D1FEEC3A5CC4FEA0571BE21FF82857842CD5868DE1AD6B55931F2B5C98AD6327F376C7E142C1D796D061A9F56935C87C45F8ADE16F851A51BFF146AF0E9E8C098ADB3BEE273E91C43E66FAF4F522BE18F1D7EDD3F10FC511C96FA32D8F84AD9B23758C666B8C7FD7593383F4515F3F6ADABDFEBFA8CBA86A77B71A8DF4C7325CDDCAD248FF0056249AF468E55393BD57642B37B9ED1FB42FED53ADFC6A79349B18A4D0FC22AE185807CCB7441CAB4EC383EA231F28FF0068F35E1C060E7BD00714B5F454A9C68C7960AC8A4AC1451456A30A28A2800A28A2800A28A2800A28A28065EF0F4BE478874B9338DB770B7FE3EB5F5AB0C3B0F427F9D7C8BA51C6AD63FF005F117FE862BEBA7FF58FF53FCEBAF0FB33F0BF11D7EFB0B2F297E71128A28AEB3F1E0A28A2800A28A2800A28A2800A28A2800A28A2800A28A2800A28A2800A28A2800A28A2800A28A2800A28A2800A28A2800A28A2800A28A2800A28A2800A28A2800A28A2800A28A2800A28A2800A28A2800A28A2800A28A2800A28A2800A28A2800A28A2800A28A2800A28A2800A28A2800A28A2800A28A2800A28A2800CE08FAD7CA3E2E429E2CD654F6BD9BFF4335F56B74AF977E2241F67F1E6BA9DBED6EDF9E0FF005AE5AEF447EB5E1D4AD8DAF0EF04FEE92FF33028A28AE43F7B0A28A2900514514005145140051451400514514005252D140098A4008A751400D209A5C52D14005252D140051451400514514005145140051451400514514005145140996B464326B7A728E737310FFC7D6BEB96FBEFF53FCEBE52F06C3F68F17E8B1FF7AF62FD181FE95F56649273EB5D787D99F85788D2FF0069C343B464FEF7FF000028A28AEB3F200A28A2800A28A2800A28A2800A28A2800A28A2800A28A2800A28A2800A28A2800A28A2800A28A2800A28A2800A28A2800A28A2800A28A2800A28A2800A28A2800A28A2800A28A2800A28A2800A28A2800A28A2800A28A2800A28A2800A28A2800A28A2800A28A2800A28A2800A28A2800A28A2800A28A2800A28A28011B9AF9C7E31DA9B6F8857ED8C09922987E2801FE55F4731C57867C7DB130EBFA5DE01F2CD6A6327DD1BFC1AB9ABAF76E7E89C075BD9671C8FED464BF27FA1E63452034B5C48FE91414514500145145001451450014514500145145001451450014514500145145001451450014514500145145001451450014514500145145001451484E2807E6759F0A6D7ED7F1074818C88DDE53FF01426BE965E6BC13E03D97DA3C5977758E2DAD1867DDD828FD335EF6B5DD417BB73F9CB8FABFB4CD9417D9825F7DDFEA2D14515D07E6E1451450014514500145145001451450014514500145145001451450014514500145145001451450014514500145145001451450014514500145145001451450014514500145145001451450014514500145145001451450014514500145145001451450014514500145145001451450014514500145145001451450021AF33F8F1A61BAF0BDA5E01936974031F4575DBFCC0AF4DAC3F1BE91FDBDE14D56C40CBC96EC507FB4BF32FEA3F5ACA6AE9A3DAC9317F51CCA8621ECA4AFE8F47F833E575A75354E4E69D5E71FD76145145001451450014514500145145001451450014514500145145001451450014514500145145001451450014514500145145001451450014D6A75358E0E7A0A1833DBFE00E99E4E89AA5F91CDC5C0894FAAA0E7F5635EA8BDEB9BF875A39D0FC17A4DAB2ED94C22690770CFF00311FA815D2818AF460B96291FC939FE3163B34AF5D3D1C9A5E8B44FF0000A28A2B53C00A28A2800A28A2800A28A2800A28A2800A28A2800A28A2800A28A2800A28A2800A28A2800A28A2800A28A2800A28A2800A28A2800A28A2800A28A2800A28A2800A28A2800A28A2800A28A2800A28A2800A28A2800A28A2800A28A2800A28A2800A28A2800A28A2800A28A2800A28A2800A28A2800A28A2800A2933CD50D735FD3BC35A54FA96AB7B0E9F6100CC9713B6D51EDEE4F6039348145CDA8C55DF96E5F3CE31C9F41DEBC77E2F7ED1FA37C3A3369BA588F5BF10AE54C2ADFB8B66FF00A6AC3A91FDC1CFA915E41F17FF006A3D43C5027D27C2866D234939492F8FCB75723A1C7FCF253E83E63DC8E95E0807F8D4BD4FD2B27E1473B57C7EDBA8DFF3EDE9BFE47B5685ACB6BDA6437EE104D36E32AA2ED50F93BB03B0CF6ED5A00E6BCFFE196A9B64BAD3DDBEF7EFE307D470C3F2C577EB5E74D72C9A3F7FC34D4E9268751451527605145140051451400514514005145140051451400514514005145140051451400514514005145140051451400514514005145140099AA1AE6A6347D2AE6F300B4499556190CDD003F8D5E6AE13E266A9B63B5D390E4B1F3A419EC38507F5FCAAA2B9A563971353D95272EA7D31F087F691D1BC7C20D2F5711689AF9011632D8B7B93FF004C98FDD3FEC37E04D7B30E3208C1F435F988471EDD6BDDBE107ED43A9784FC8D2BC5266D63465C225D8F9AEAD8741FF5D147A1F980E84F4AF451FCFF009C709B8DEBE5FB7F2FF93FD3EEEC7D8D4567681E21D37C4FA4C1A9E937B0EA16138CA4F03654FA83DC11DC1E456806CD51F9ACA2E0DC64ACD77168A28A620A28A2800A28A2800A28A2800A28A2800A28A2800A28A2800A28A2800A28A2800A28A2800A28A2800A28A2800A28A2800A28A2800A28A2800A28A2800A28A2800A28A2800A28A2800A28A2800A28A2800A28A2800A28A2800A28A2800A28A2800A28A2800A28A2800A28A2800A28A33400523363E950DD5DC3616D35CDCCD1DB5B42A5E49A560A88A3A9627803DEBE64F8BDFB57349E7E93E0762ABCA49AD3AF27D7C853FF00A1B7E03BD23D4CBF2CC4E6753D9D08FAB7B2F53D6BE2BFC72D03E165BB4170FF00DA5AE32E62D2EDDFE619E8D29E7CB5FD4F615F1B7C42F89DAFFC4ED545E6B577BA28C9F22CA1F960B71E8ABEBEAC724FAD72F3DC4B77712CF3CAF3CF2B17924958B3BB1EA589E49F734D03149B3F64CA721C365694BE2A9FCCFF0045D04DB4EA28A47D3A562C695A8BE93A95BDE47C985F711EA3B8FC466BDAA0B84B98639A23BA39143A9F504645786115E87F0E75BFB459BE9B237EF20F9E2CF742791F81FE75CD5A37D4F570157965ECDECCED474A5A4078A5AE53E8428A28A0028A28A0028A28A0028A28A0028A28A0028A28A0028A28A0028A28A0028A28A0028A28A0028A28A0028A28A00290D2D21340AFD064B22C51B3BB6C4405998F4007535E2FADEA8DACEAD7178C081237C80F651C28FCABBAF889ADFD8F4F5B08DB135CFDFC75083FC4F1F9D79C015D34636D4F0330ABCD254D74169BB734EA2BA8F259D3FC3FF895AFFC34D54DEE8978635908F3ED25CB41703D1D7D7FDA1C8F5AFB23E147C76D03E29C4B6F137F666BA17749A64EFCB63AB44DFC6BFA8EE3BD7C1E4669D0CF25ACF1CB0C8F0CD1B07492362AE8C3A30239047AD34CF9ACDB22C36691726B96A7F32FD575FCFCCFD380734B5F2CFC21FDAB9EDFC9D27C6ECD2C7C247AD22E5D7FEBBA8FBDFEF819F507AD7D3D677B06A1690DD5A4F1DD5B4CA1E29E160E8EA7A104704533F19CC32CC465953D9D78E8F67D1FA1628A4078A5A6794145145030A28A2800A28A2800A28A2800A28A2800A28A2800A28A2800A28A2800A28A2800A28A2800A28A2800A28A2800A28A2800A28A2800A28A2800A28A2800A28A2800A28A2800A28A2800A28A2800A28A2800A28A2800A28A2800A28A2800A28271485B1CF4140853C5266B335EF13693E18B633EADA8DBE9F16323CF7019BE8BD4FE02BC97C53FB4D69F69BE1F0FE9D25FB8E9737998A3FA841F31FC7148F530795E371EED87A6DAEFB2FBF63DB7775F6E4FB5707E32F8D5E14F05C17067D406A1770A9636961895F20742DF757F135F3778A7E26F89BC63B9751D524FB39FF975B7FDD423FE023AFE24D71BA88DBA75C81C0F29B81F4A573EF705C1B1569636A7C969F8BD7EE449F153E367883E2ADD18EEDFEC1A323661D2EDD8F96BE8CE7AC8DEE781D80AE000E285E94B48FD1B0F86A585A6A9518F2A4252D145074D828A28A0621AB1A5EA32E937F05DC470F13671D88EE3F1E6A0A43D293570574EE8F6FB0BD8B52B386EA0398A55DC3D47A8FC3A55AAF33F00788FFB3EEBEC170D8B69DB31B13C249E9EC0F1F8E2BD2C1AF3E7170763EAB0D5957A6A5D45A28A2A4EB0A28A2800A28A2800A28A2800A28A2800A28A2800A28A2800A28A2800A28A2800A28A2800A28A2800A28A2800AAD7777158DB4B71336C86252CCDEDFE7F9D4E4E2BCE7E2178885DCE34CB77CC31366661D19FB0FC3F9D545393B23971159518393399D6354975AD4A6BC9721A43F2AE7845E817F2AA83A50BD296BD04AC7CAB6E4EEF70A28A2988292968A05610F4AEF7E16FC69F107C2BBBDB632FDB74976DD369770C7CA7F5287FE59B7B8E0F706B83A46E941CF88C352C55374ABC7993EE7DFBE0AF8D7E15F1B5B5B3417E34FBB99430B4D4088DC13D837DD6FA83F8577D9E01EC791EF5F9FBA5AE74BB504647943835DAF857E27789BC1DB574ED525FB30FF974B8FDEC27FE02DD3F0C53B9F9C63B8362EF3C14FE4F5FB9AFD51F66E681CD788F85BF69AD3EEF643E20D3A4B090F06E6CF32C5F5287E61F866BD6B41F13695E27B513E93A85BEA116327C870597FDE5EA3F114CF82C66578DC03B6229B5E7BAFBD1A945266941CD33CB0A28A28185145140051451400514514005145140051451400514514005145140051451400514514005145140051451400514514005145140051451400514514005145140051451400514514005145191400519A4273803AD62788FC69A1F8461F3357D4E0B2E322266DD2B7D107CC7F2A45D3A73AB250A716DBE8B53709E298CEA91B3BB0445E599880147B93D2BC23C53FB4E22EF87C3DA5973D05DEA0703EA235FEA7F0AF20F1378EFC41E3072756D527BA8FB400EC857E88303F4A2E7D960B84F1B88B4ABDA9C7CF57F77F9B3E95F14FC76F0A78677C51DDB6B176B91E4E9E37A83EF21C28FC335E3FE29FDA27C49AD978F4D116856A78060F9E6C7BC8C38FC00AF2D0060518A573EFF0005C3597E0ECE51E797797E8B6FEB725BABBB8D42E1EE2EA796EAE18E5A599CBB1FC4F3516DA5A291F56A2A2AC968155B52FF00907DD7FD726FE46ACD56D4BFE41F75FF005C9BF91A067042969052D001451450014514500148466968A008E45628C14ED720853E87B57DAFF167E0F3693F0F3C0DF14340837F83FC59A5DADC4823195D3EF9A21E6C27D119D5CA13FED2F619F8A8F041AFD88FF82743E95F193F6298BC1FAFDBC7A9E9FA7DE5EE8B736B2FFCF33279D1E0F50409410C3904022B19C7991BE1EB3A13BF4EA7E778A757AB7ED1DFB3E6B1FB3EF8DDB4CBAF32F343BC2D2695AA15E2E231D55F1C095380C3BF0C383C79383C57159A7A9F554E6AA2528ECC75145141A05145140051451400514514005145140051451400514514005145140051451400514514005349FC682735E99FB3F7C07D73E3FF008E61D0F4B0D6DA741B65D4B5365CA5A439EBE85DB042AF739278068B5F4444E6A11E67B16FE0F7C1F6F147857C69E3FD6E231F833C1FA65D5EDC3B6545EDD242CD15B29F4DDB0B91D060756E3E2F40C5479877391F31F53DFF005AFD8CFDBFADB46F815FB0DEA1E10F0EDB2E9D617D7167A2DBC20E5DD5A5124ACC7F89996372CDDC935F8EA39627D6BB610E547CAE22BBAF3E67B7400314B4515B1CE14514500145145001487A52D21E9401DDE93FF20CB5FF00AE62ADD54D27FE4196BFF5CC55BA004DB52DA5DCFA75CA5C5ACF2DADC2F2B2C2E5187E239A8E8A0971525CAD687A8F85FF0068AF12E8BB23D4845AEDB0E099FE4980FF00AE8073FF000206BD83C2DF1DBC2BE27D914976DA45DB607917E36827DA41F29FD2BE4DC5040C1EE29DCF94C770D65F8CBB51E49778FF0096DFD6E7DE68E24457565646195652086FA11D69E0F15F13F867C7BE20F07303A4EA93DAC59E60277C2DF546C8FD057AF785BF69C47D90F88B4B319E86EB4FE47D4C6C7F91FC29DCF81C6F09E370DEF51B545E5A3FBBFC99EF54561F873C69A278BA1F3348D4E0BD38C98D5B6CABF543861F956D8E09CD07C6D4A7528C9C2A269AE8D585A28CD14C80A28A2800A28A2800A28A2800A28A2800A28A2800A28A2800A28A2800A28A2800A28A2800A28A2800A28A2800A28A2800A28A2800A28A2800A28A0F4A0009C526EAC5F1678C349F0569A2FF0057B936F033F968150BBC8F8CED503A9C578AF8A7F69BBA9B7C3E1ED312D90E40BABFF9DCFB88C1C0FC49A4D9EC60727C6E64AF8787BBDDEDF79F405C5CC5696EF3CF2241020CB4B2B0445FA93C0AF35F14FED07E17D037C762F26B974BDAD38881F790F07FE039AF9B7C41E2BD67C5971E76AFA95C5FB0395595FE45FF007507CA3F015938A573F41C0F06D2A7696327CCFB2D17DFBBFC0F48F14FC7CF15788B7C56D709A25A371E5D8FDF23DE43CFE58AF3992492799A595DA595CE5A4762CCC7DC9E4D03814523EE70D82C3E0A3CB87828FA7F9EFF00885145141DAB40A28A281851451400556D4BFE41F75FF5C9BF91AB355B52FF00907DD7FD726FE468038214B48296800A28A2800A28A2800A28A2801AD5FA59FF00046FF19E0FC4CF08C8F9E6CF578133EA1E194E3FE03157E6A119AFAD3FE0979E32FF00845BF6B3D2AC1A4F2E1D7F4CBBD35B9E0B8513A0FCE2349899FAF1F15BE14E83F193C177BE1AF115A8B8B3B801A3953025B6947DD9636FE175CFE2320E4122BF23FE3AFC0BF10FC05F1A4BA1EB7199AD64DD269FA9C684437B103F797FBAE3F893AA9F5041AFDA24E54571BF15BE137877E31F83EEFC39E26B3FB5D94DF3C722E165B7940F96589BF85C67E879041048ACA70E6D7A9DB86C4BA0ECFE13F128353ABD4FF682FD9CFC4BFB3E789BEC7AA21BFD12E9CFF676B50A622B95EBB587F04A07543F55C8E9E540E6B89E9B9F4B09A9AE643A8A28A0D028A28A0028A28A0028A28A0028A28A0028A28A0028A28A0028A28A002909A426BD2BE04FC03F12FC7DF158D2F438BECF63010D7FAB4E87C8B343EA7F89CFF0A0E4F7C0C9A37D8894941733D8CFF833F067C45F1CBC690787BC3D00CF125DDF4A0F9167167064908FC405EAC7007735FAE3F06BE0D787FE07782AD7C39E1F848893F7973772E3CEBB98801A590F7271803A28000E051F06BE0BF873E08783A0D03C396C523E24B9BB97067BB971CC9230EA7D07403815DE39DA2BAE9D3E5D5EE7CD62714EBBB47447E6BFFC1643C6623D33E1A7846297996E2EF569E307B222C319C7D6593F2AFCC85AFAFF00FE0AA1E323E27FDAAEE74B5903C3E1FD1ED2C401D1647DD3B8FF00C88B5F20018AE83887514514005145140051451400521E94B487A500777A4FFC832D7FEB98AB755349FF009065AFFD73156E800A28A2800A28A2800A422968A04F508A492DE65962768A5439592362ACA7D411C8AF46F0B7C7CF157877645753A6B768BC7977DFEB00F6907CC3F1CD79CD079A0E2C560A86323CB888297AFF009EFF0089F52F85BF682F0BEBDB22BD924D0EE9B8DB77CC47E920E3FEFA02BD32DEE62BBB749E0952785C65658983237D08E0D7C19B6B5BC3DE2DD67C2771E6E91A95C589272C913FC8DF543F29FC453B9F0B8EE0DA53F7B073E57D9EABEFDD7E27DC1BA96BE7AF0B7ED37730EC87C45A62DC2F00DD587C8E3DCA138FC88AF6AF0A78C74AF1AE986FF47B93736EAFE5B86428C8D8CED653D0E29A67E7F8EC9F1B96ABE221EEF75AAFBCDBA2814533C70A28A2800A28A2800A28A2800A28A2800A28A2800A28A2800A28A2800A28A2800A28A2800A28A2800A28A2800A28A2800A0F4A29BC13C9C0EE7D077A047CE3FB4E7883ED7E21D2F468DBF7767019E451D37C878CFD157F5AF190056E78EF5F3E28F18EB1AA67297172FE5FB46BF2A0FC94562541FD1394E17EA581A545AD5257F57AB0A28A283D80A28A2800A28A2800A28A2800A28A2800AADA97FC83EEBFEB937F23566AB6A5FF0020FBAFFAE4DFC8D007042969052D0014514500145145001451450015DEFECFDE33FF008579F1DBE1FF00890BEC8F4ED76D2595BFE99B482393FF001C76AE0A98FB82B14243804A91D41C71FAE2803FA604E38F4E29C466B84F819E355F889F073C15E2657F30EABA35A5D3B1FEFB44BBFF00F1E0D5DD839A00C0F1B782744F1FF86EF341F1069B06A9A55E26C9ADA75C83E841EAAC0F218720F4AFCC4FDA7BF636D77E085C5CEB9A179FAF782339FB56DDD71A78FEEDC01D57D251C7F7B0793FAB5505D5BA5CC4F1491ACB13A94647008607A820F041159CE0A67450C44B0F2BAD8FC1D14B9AFD05FDA57FE09F76FAC9BAF11FC308A2D3EFC9324FE1C76096F31EE6DD8F11B7FB07E439E36D7C09AC68F7FE1ED52E74DD52CAE34ED46D5CC73DA5DC66396261D994FF0093DAB8A5170DCFA4A38885657895A8A4CD2D41D170A28A298C28A28A0028A28A0028A28A0028A293340066835369FA75DEAF7D6F65636B35EDEDC388E0B6B68CC92CAE7A2AA8E49AFBBFF66CFF00827C085AD7C47F14E1495F8920F0CC6E1901EC6E5C70DFF5CD4E3FBC4F4AA8C5CDD91CD5ABC28C6F26784FECCFFB20F88BE3D5DC3AADF79BA0F8291FF79A9B27EF2EF0794B653C37A190FCA3B6E3C57EA17C3CF87BE1FF00869E15B3F0FF008734D8B4CD32D47CB14632CEC7EF3BB1E5DCF763C9ADEB1B38AC6DE282DE14B7B7890247144A15514701401C000761566BB214D44F9CAF889D77AEC00629AFC8FAD388CD71DF17FC609F0F7E1678BBC4AF2796349D26EAF437FB491332FF00E3D8AD0E53F063F695F198F887FB427C46F10ABF990DEEBB75E4B7AC51BF951E3DB6C62BCDE904924D89253BA57F9DC9EEC7927F334EA630A28A2800A28A2800A28A2800A43D29690F4A00EEF49FF9065AFF00D73156EAA693FF0020CB5FFAE62ADD00145145001451450014514500145145001498A5A280108AF67FD98FC41F66F10EABA33B7CB7900B88C13FC719E7FF001D6FD2BC64F4ADCF017880F85BC67A3EA99C24172BE67BC6DF2BFE8C683C6CDB0AB1B81AB452D5A76F55AA3ED91D28A6F00F0723B1F514EAB3F9DEE145145030A28A2800A28A2800A28A2800A28A2800A28A2800A28A2800A28A2800A28A2800A28A2800A28A2800A28A2800AE47E2AF880F867E1FEB57A8FB67680DBC27BF9927C83F2C93F8575A4D7847ED43AF94B5D134443CC8CD7B3283D40F9107E65CFE1499ECE4B85FAE6614A974BDDFA2D7F43C0146060741C0FA53A9052D49FD0D60A28A281851451400514514005145140051451400556D4BFE41F75FF5C9BF91AB355B52FF00907DD7FD726FE468038214B48296800A28A2800A28A2800A28A2800A6E70D9EE39A752119A00FDADFF008261F8CBFE12CFD91BC3B6ACE649B42BBBBD21F2790A92978C7FDF12A57D663A57E6A7FC11BFC681B4DF895E1296525A29ED356823ED87468643F9C71D7E95AF4A005A4A5A2801ACA08E99AF29F8E1FB36782FE3C695E57882C3C9D56242B6BACD9011DD407D37630EBFEC3647D3AD7AC5232EE18A969356638B707CD17667E42FC78FD917C71F02E49EFAE2DCEBDE18563B35AD3E325631DBCF8F9311F7E57D0D787EF07073C75CFB57EF24B6F1CA8C8E9B91815653C823B823D2BE36FDAAFF0063AF86CDA35FF8AF4BBD8FC09AAF2C21B78B7DA5ECA7908201CAB37AC780392477AE5A94EDEF5CF77098C9569C68CA3793D15B5B9F9CC296B4F5EF0B6A7E1A9365FDB34684E1674F9A36FA30FE479ACACD73A69EA8F6EA53A94A4E152366BA31D45252D3330A28A4A005A4341E95A3A2786F52F11CFE5E9F6AF360E1A4FBB1A7D58F029376D5970A752AC9429C6EDF446696C75E95EC5F033F656F1C7C769E3B9D32D3FB27C39BB126BB7E8560C679F297ACA7FDDF97D5857D45FB25FEC79F0EB53D22DBC4DAFDF278D3578981934B950C769632F5DAF11E653E8CDF29EC2BEDFB7B386D208E082248618D42247180AAAA380001C01F4ADE9D3E64A573C7C662A7879CA8A8DA4B7BE963C8FE047ECBDE0BF80D60AFA35A7DBB5D9136DC6B97CA1AE64C8E5571C469FECAFE24F5AF600B8C5380C0C52D75A8A4AC8F0252737CD2776252D14550843C57CAFF00F052EF199F097EC89E2D855CC73EB72DB68F1E0F27CD941703FED9A3D7D50DD2BF37FF00E0B1DE34F27C2FF0E3C251CB83757D73AACD10FEEC518890FE733FE5401F97D9DCC4FA9CD3A9A053A800A28A2800A28A2800A28A2800A43D29690F4A00EEF49FF9065AFF00D73156EAA693FF0020CB5FFAE62ADD00145145001451450014514500145145001451450014D2A08C1E87834EA43D281347D93F0B3C447C4FE00D16F5DF7CE21F2263DFCC8FE53F9E01FC6BADAF07FD97B5FDF69AD686CDCC6C9790A93D011B1FF50A7F1AF7706A91FCF19CE17EA78FAB47A5EEBD1EBFA8B4514533C70A28A2800A28A2800A28A2800A28A2800A28A2800A28A2800A28A2800A28A2800A28A2800A28A2800A28A2801081CE6BC5FF00680F86571AFC5FF092E9A1E7BBB58447756A3E62F12E4EF41EAB9391DC73D457B4D37A1CF71D283BF018EAB97622388A5BAFC57547C14A463AE69D5ED1F1C7E0F7F653CFE24D0E0C5839DF796918FF0050DDE451FDC39E47F0939E878F150D9C541FBEE5F8FA399508D7A2F4EABB3FEBEF1D4514507A814514500145145001451450014514500155B52FF907DD7FD726FE46ACD56D4BFE41F75FF5C9BF91A00E0852D20A5A0028A28A0028A28A0028A28A0028A28A00FAFF00FE095BE323E1AFDAAADF4B6936C3E21D1EEEC4827EF491ED9D3F48E4AFD9F53C57F3D1FB3478CFFE15E7ED0BF0E7C42CE638ACB5DB5F3981C7EEA4711483FEF891ABFA1641C7D3D6801F45145001484E3AD04E2B85F8ABF16B47F859A0FDB2FD8CF77302B696319C493B0EBFEEA8E32C7A7D6A272508B7236A146A626A468D15793D922E7C4AF893A3FC32D01B54D567C672905AC6479B712638551FCC9E077AF847E247C4AD67E27EBEDA9EAD2808B95B6B48C9F2AD90FF000A8EE7A658F271D871557C73E3CD63E226BF36ADACDC79B33FCB1C49C4702678445EC3F527935818AF0ABE22555D9688FDDF20E1EA79443DAD4D6ABDDF6F25FABEA473429710BC72C6B2C6FC32380411EE2B84F10FC22D3B51DD2E9AFF00D9B39C9F2F05A127E9D57F0AEFE8C5732938EC7D3627074316B96BC2FF009FDFB9F3AEBFE0DD5FC3649BCB46F23B5C45F3C67F11D3F1C562A9E335F5115C820F20F041EF5CAEBBF0CF44D6F73AC06C2E1B932DAFCA09F75E86BA6388FE647C562F8664AF2C2CAFE4FF00CFFCFEF3C1C9AD6D0FC27AAF88D87D86D1DE2CE0CEFF002C63FE047AFE15EBBA17C2DD1747DAF2C4751B85FE3B9E541F641C7E79AEBD542AAAAA8555E0051803F0A72AFF00CA4E1386672B4B152B792FF33CF7C3DF07EC6C8A4BAACC7509873E52652207DFBB7E95DFDB5B4369024304490C29C2C71A80A3E8054B8A2B95CE53D59F6D85C150C1AE5A30B79F57F337FC0DE3AD5FE1D78821D5B45B8F2675F96489B2639D3BA38EE3F51D457DD7F09BE2CE91F15743FB658BF917B1002EEC247CC9037F553D9BBFB1E2BF3D08CD6BF84FC5BAAF8235C8357D1EE9AD2F613F7872B22F7475FE253DC7F23835D143112A4EDBA3E7B3EC82966F0E78E9556CFBF93FD1F43F4BF228AF36F839F19B4AF8B1A36E87167ACDBA8FB5E9CCD964FF006D0FF1213DFB743CF5F480D5EF42719AE68BD0FC1B1187AB84AB2A35E3692DC7514521E2ACE706E95F8D1FF055CF197FC245FB5045A3A3EE8BC3FA25B5B1507EEC9333CCFF008E1A3FD2BF6559874AFE7D3F6ABF1A7FC2C2FDA4FE256BCB21960B8D72E2281C9EB1427C88FF00F1D8C7E7401E598A5A28A0028A28A0028A28A0028A28A00290F4A5A43D2803BBD27FE4196BFF005CC55BAA9A4FFC832D7FEB98AB740051451400514514005145140051451400514514005212314135ED3F03BE0FFF006BC90788F5C83FD010EFB3B5907FC7C303C48C3FB808E07F111E8390F3330C7D1CBA83AF59E9D1777E4747FB3F7C32B8D0A2FF00849752F320BABA84C76B6BF776C4D825DC7AB60617B0E7A9AF6900718A3F9D2D59F80E3F1D5731C44B115777F82E8828A28A0E00A28A2800A28A2800A28A2800A28A2800A28A2800A28A2800A28A2800A28A2800A28A2800A28A2800A28A2800A0F228A2801AEA194AB00CA410430C823A723BF04D7CCFF19FE0E1F0B492EB9A2C45B4676CCF6E809368C7B8FF00A667B7F77A1E315F4D119A6491AC88E8EAAE8E0AB2B0C820F04107B1A47AF95E695F2AADED69EB17BAE8FF00AE8FF467C180F38A5AF5CF8C9F05DFC2EF36B5A144D268C7E69ED972CD687D47731FEABDF8AF220691FBBE071D4330A2ABD0775F8AF262D145148F4828A28A0028A28A0028A28A002AB6A5FF0020FBAFFAE4DFC8D59AADA97FC83EEBFEB937F23401C10A5A414B40051451400514514005145140051451400C324906648891347F3A11D9872BFA815FD197C22F182F8FBE17F84BC468FE62EADA4DADEEFCF52F12B1FD49AFE73BA107DEBF6EBFE09A3E311E2EFD90FC230962D3E892DCE8F293CFFAA958A0FF00BF6E9401F54534B60D231231CD637883C45168B0E3896E587C917F53E828025D73C410E8B6F971BE66FB9103CB7BFB0F7AF17F885E19B5F895612C3AB64CDC982E107CD6EDEABEDEA3B8F7E6B76EAEE6BFB879A773248DD49FE551E38A89454934CD68D6A987A8AB5293524EE9AE87C6DE2CF0A6A3E0CD624D3F518C2C8BF3472A7DC953B329EE3DBB1E0D6383CD7D83E35F05E9FE38D1DEC6F94AB0CB4372832F0BFF00787AFB8EF5F2B78AFC27A8783758934ED463DB20E63957EE4A9D9D4F71EDDBA1AF06BD0745DD6C7EF3C3FC414F36A7ECEA69556EBBF9AFD5743228A4078A5AE53EC828A28A0028A28A0028A2909A3610138AD1F0F787AFBC53AB43A769D099AE64E7D151475663D94773F852F877C39A878AB56874ED3A1335CCBD4938545EECC7B01EBF964D7D4FE01F00D8780F4916D6D89AEE500DCDE32E1A56F6F451D87F5AE9A141D6777B1F259F67D4B28A5CB1D6ACB65DBCDF97E649F0D7C176DF0D2C63160FBF51383717A57E694FA7B27A2FE3D6BDBBC3FE228B5B870711DCAFDF8F3FA8F6AF3503029F04F25ACC92C2E63950E5597A8AF7E3151494763F03C457AB8AAB2AF5A5793D5BFEBF23D815B34E35CFF86FC4D1EB29E54988EF14729D9FDC7F856F29C839E6ACC4E67E2678B23F02FC3DF13F88A5711C7A4E9B737C58F6F2E2661FA815FCE3C9732DE3B5C4E774F3132C84F52CC4B37EA4D7EE1FFC147FC643C1DFB2178DC2C862B8D5C41A3C24753E7CCAAE3FEFD892BF0EC90589E80D003A8A28A0028A28A0028A28A0028A28A00290F4A5A43D2803BBD27FE4196BFF005CC55BAA9A4FFC832D7FEB98AB7400514514005145140051451400514514005213CFF4A0F6AF5CF839F05DFC50F0EB5AE4463D1D4EE86D9810D767D4F711FEADD071CD33CEC763A86028BAF5DD97E2FC907C18F836DE28962D735A84AE8A87741030C1BB20F5FF00AE63B9FE2E838CD7D2E881142A80AAA00014600006001ED8038F6A238D6345445091A00AA8A00000E000074029E06299F83E699A56CD2B7B4A9A25B2E8BFAEAFFC807028A28A67901451450014514500145145001451450014514500145145001451450014514500145145001451450014514500145145001451450014628A2801ACA1832B0CA904107A107A8AF9DFE307C0D6D30CFAE786E02F65CBDCE9D18C987D5E31DD3D57A8EDC74FA2A9391C838FA523D5CB733AF95D655683D3AAE8D7F5D7A1F04860453ABE89F8B5F025358336B1E1B8561BF24BCFA7AFCA939EED1F6573E9D0FB1EBF3BCB1C904AF14A8D1CA8C55D1D70CA4750476348FDCB2DCD286694BDA517AF55D57F5DFA89452039A5A47B214514500145145001557523FF0012FBAFFAE4DFC8D5AA82F216B8B69A25C6E742A33EF401E7E0D2EEADD4F08CA4FCF7283D9549AB29E1087AB5C48C7D940A00E6770A37575D1F85AC93A891CFBBFF00854E9A0D84438B643FEF64D00713B87AD28606BADD56E6D347847976F0F9EDFEAD760FCCFB5724ECD2B97739663927DE80168A28A0028A28A0043D2BF503FE08E3E3313785BE23F84E494E6CEFADB54863CFF0CB198DCFFDF512D7E5F9E95F5D7FC1303E20CBE0DFDA32F34E460175FD0EE6D5431E3CD89966438EE70B27E7401FB0DE24F12C7A347E547896ED87CAA7A2FB9FF0AF3D9EE25BB9DA699DA491CE599BA9A64923CD2B48EC5DDCE5998E493EB450018C51451409ABE818AE7BC69E0BD3FC71A33D8DF26D619682E547CF0BFF00787B7A8E86BA1A08E2A651525666D46B54C3D455A93B496A9ADCF8D7C59E13D47C1BAC49A7EA11ED900DD1C8BF7264ECCA7D3F91E2B201AFA2BF699961B0F8517FA8B5BC535CDA4F0181DC7285A40AD83DB2B915F34697AADBEB168B716ED953C321FBC87D0D7CF62297B19596C7F42E419ACB35C1AAB515A49D9F66FBA2F51480E4D2D739F4C1451484E0D0019AD3F0DF86EFFC59ABC3A6E9B0F9B7127249FB91AF7763D80FFEB0AC2D4751834AB56B8B87DA8BC003AB1EC07BD7D1DFB31496DA87C2E83554B58E0BBBCBA9D6675E59823E1013EC3B7A926BA30F4BDB4ACF63E6F3ECD5E558375A11BC9BB2ED77D5FA1DAF80FC05A7F80F4916B6A3CEBA9306E6F1970F330FE4A3B2F6FAD7518A00A2BE823151568EC7F3CD7AF57135655AB4AF27AB7DFF00AEC1451455988248F0C8B246C51D4E4329C115E81E18F14A6A8AB6F70425E01D7A093E9EFED5E7F48AC51815254839057820FD6803E50FF82C5F8D0DAF80FE1F78523946750D4E7D4658C1EAB045B149FF00814C7F2AFCB41D2BEC1FF82A278FE7F177C7ED23489640E341D0A189B1FF003D27769589F7DBE5D7C7C3A5002D14514005145140099A40C0F714E5668DC3A9DACA720D757A55CDA6B109F32087CF51F3A941CFB8A00E4F3466BB57D06C241CDB20FF007722A07F0BD93741221FF65E80391CD213C574EFE1087AA5C48BFEF006ABBF84641F72E51BFDE5228037749FF9065AFF00D73156EA0B285ADAD2189882C88149153D0014514500145145001451484E280169A4F14F86392E2548E246924760AA88B96627A000753ED5F447C25F8109A4343ACF8961596FC10F069CC032427B349D99C761D07B9E8CF1B32CD286574BDA567AF45D5FF5DFA181F083E06B6A9E46B7E2480A5970F6DA7B8C34FE8F20EC9DC2F53DF03AFD10AA142AAA8550300018000E83F0A7727BE7EB4B4CFC3732CCEBE695BDAD77A745D17F5DFA8628A28A679414514500145145001451450014514500145145001451450014514500145145001451450014514500145145001451450014514500145145001451450014119A28A004DB9AF3BF8A1F0774FF001FC4F796E534FD71471758F926F45940EBECDD47B8AF45A314AC74E17155B055556A12B35FD7CFD19F0CF883C3BA9785754974FD52D5ED2EE3EAAC3218740CA7A303EA2B3C1C8AFB5BC61E08D27C73A61B2D56DBCC519314E9F2CB0B1FE246EDEE0F07D0D7CBFF00117E13EAFF000F6732C83EDDA4B3623BF8970A3D0483F81BF43D8D49FB364DC4547324A955F72AF6E8FD1FE87154526697341F621451450014119A28A004C52D1466800AA5A9EA49A6DB195F963C220EAC7FC2A5BCBC8EC6DDE695B083A0EE4FA0AE2350BF9750B86965E3B2AF651E9400CB9B992F6779A56DCEC79FF0FA54742F4A5A0028A28A0028A28A0043D2BD23F66AF16FFC20DFB407C3FD69A4F2E18358B78E66CE3F7529F29F3ED890D79BD093C968E2784ED9E22258C8EA194EE5FD45007EFCECF2D8A1EAA48FCB8A7561F823C471F8C7C19E1FD7E160D16A9A7DB5EAB0EFE644AC7F526B72800A28A2800A0F4A283D28133C67F6B69BCAF82B7CB9C79B7D68BFF8F93FD2BE27D1B589F43BC13C04107878CFDD71E87FC7B57D97FB62CBE5FC2289338F3355B71F92B9AF89F1915E5625273B33F6CE0E56CB5BFEF3FC91EBBA4EA906AF66B716CD95E8CADF790FA1ABA0E6BC8B47D62E344BC13C07703C3C6C7871E87FC7B57A8697AADBEB168B716ED953C321FBC87D0D79728B89FA0467CC5D27154F54D4E0D26D1EE2E1F0838017AB1F41EA68D5354B7D22D1AE2E1F6A0E001F798FA015E5FAD6B571AE5E19A63B507091A9F9507A7FF5E88C1CB71CA56175BD6EE35DBA32CC76A2E447129F9507F9EF5F68FEC87379BF06605CFF00ABD46E97E9CA9FEB5F0FE302BED3FD8DA6DFF0A6F23FF9E7ABCDFAA466BD4C324A7647C07182E6CB6FFDE5F933DE074A281457AA7E22828A28A0614810C8DB40F998851F8F14B593E2AD7E2F0A786359D6E760B0E99653DEB127A08E367FE6A2803F1ABF6A6F168F1BFED17F1075657F3216D5E5B785B39FDDC388571F8475E5E3A53A7BC9750B896EE725A7B8769E427A967259BF52692800A28A2800A28A2800A7DBDC4967324B136D753C1FE94CA4233401DCE99A9C7A95B074E1D7874EEA7FC2AED701637B269D70B2C479EEA7A30F435DB595EC77F6EB34472A7A83D41F43401669314B9CD1400018A28A2800A28A2800A28CD2668002715A1A0787751F14EAB169FA5DA49777727445E028E8598F4503D4D74BF0EBE13EAFF10A712C43EC5A42B624BF9572A7D4463F8DBE9C0EE6BEA2F07F82349F036982CB4BB6F2C1C19677E659D87776EFF41C0ED4EC7C7673C45472D4E952F7EAF6E8BD5FE8731F0BBE0E69FE018E3BCB8297FAE15F9AE71F243EAB103D3DD8F27DABD176D2E28A763F19C562AB636ABAD5E576FF00AF97A2003145145339828A28A0028A28A0028A28A0028A28A0028A28A0028A28A0028A28A0028A28A0028A28A0028A28A0028A28A0028A28A0028A28A0028A28A0028A28A0028A28A0028A28A0028A28A0008E2A29E08EE609219A349A1914ABC722865607A820F51ED52D14026D3BAD0F04F891FB3B0732EA1E13014FDE7D2A46E3FED931E9FEE9FC0F6AF08B9B59ACAE64B7B985EDEE236292452A956561D4107915F78919AE4FC75F0CF44F1FDBE35080C5788BB62BF8302541D81ECCBFEC9FD2A6C7DFE53C55570F6A38DBCA3DD6EBD7BFE67C6C0E696BB4F1EFC24D77C02EF34F17DBB4BCE16FEDD4EC1FEFAF543F5E3D0D713BBFFAD48FD5B0D8AA38B87B5A12528BEABFAD075145141D570271514F3A41134923044519269CEE154B310140C924F00571DAE6B07529424648B643F283FC47D4D0321D575493539F79CAC6BF713D3DCFBD520280314EA0028A28A0028A28A0028A28A0029A7820D3A9AC71401FAFBFB09F8ABFE12AFD977C185DF7CFA62CFA549CF23C9958267FE00C95EFF5F0F7FC12CFC55F6BF02F8E7C36EF96B0D4E1D4224CF449A2D8C7FEFA8857DC009A005A28A2800A0F4A283D2811F3F7EDA136CF86BA447DE4D5D33F844E6BE351D2BEBDFDB665D9E0CF0CC5FDFD4A46FCA13FE35F210AF2B11FC467EE9C24AD95C5F772FCC08ABBA36B371A25D89A03953C3C67EEB8F43FD0F6AA74572B49E8CFB2D4BBAD6B371AE5D99A63B54711C40FCA8BFE3EF54714B450925A213BB10F4AFB1BF62B977FC3DD763FEE6AB9FCE14FF0AF8E4D7D71FB124DBBC2BE2A8B3F76FE16C7D61C7F4AEAC3FF00111F1FC5AAF954DF671FCCFA4C74A281C8A2BD53F0A0A28A28185784FEDBFE2AFF00844FF65EF1CCA8FE5CDA841169719070733CAA8D8FF806FAF752706BE27FF82A478AFEC3F0D7C19E1C47C3EA5AB497B2267AA4116013FF0002945007E6E8E493D3DA969AB4EA0028A28A0028A28A0028A28A006B55CD2B53934CB8DC3E689B874F51EBF5AAB4845007A05BDC25C44B2C6C1A361906A615C5689ABB69B36C7C9B673F30FEE9F515D9238740CA432B0C823A11400FA28145001484E29377F8D76DE02F849AF78F9D26822FB0E979F9AFEE148423FD85EAE7E9C7A9A0E4C4E268E129BAB5E4A315D5FF005A9C75B5B4D7D751DBDB42F71712B6C8E2894B33B7A003935EEFF0E3F6750862D43C58031FBC9A546DC7B79AC3FF00411F89ED5E9DE06F867A1F802DF1A7C065BD65DB2DFCF832B8F41FDD1FEC8FD6BAC0314EC7E559BF1554C45E8E0AF18777BBF4EDF991C10476B0C70C31A430C6A11238D42AA81D0003A0A940E28A2A8FCF9DDBBB0A28A2818514514005145140051451400514514005145140051451400514514005145140051451400514514005145140051451400514514005145140051451400514514005145140051451400514514005145140052639A5A2810C78D5D195943230C15619047A11DEBC93C7BFB3CE95AF992F34264D1AFC92C60C136D21FA0E50FD38F6AF5EA3148EFC1E3B13809FB4C34F95FE0FD51F1078A3C21AC7832F7ECBAC58C96721FB8E798E51EA8E386FE7ED58F9EB5F766A7A5DA6B165259DF5AC5796B20C3C33A0643F81AF15F1B7ECD504FE65CF85EEBECEE79FB05E31287D924EA3E8D91EF4AC7E9F96F1650C4354F18B925DFECFF9AFC51F34788E09A7D398C4C708773A0FE21FFD6AE3F15EADAF786B54F0BDE1B4D5AC26B19FB2CCBF2B8FF64F461F4AF39D734DFECDBC3B462193E64E7A7A8A47DF42A46A454A9BBA7D56C51A29334B41A8514514005145140051451400535A9D498CD007D6DFF04CCF15FF00637C7CD4B4577DB1EB7A24C8A33D6481D665FC76F995FA86BDABF163F658F160F047ED19F0F355772902EAF15B4C73FF002CE6CC2DFF00A32BF6A029462A7AA92A7F0A005A28A2800A28A0F4A047CC7FB6ECD8D1FC1F0FADCDCBFE51A0FEB5F28D7D43FB6FCDFBCF06C5DB6DDC9FFA2857CBD5E4D7FE233F7BE168F2E534BCF9BFF4A6145145607D585145140057D55FB104D9B0F18C5E935ABE3EAB20FE95F2AD7D39FB0FCDFE9FE3187D61B57FFC7A41FD6B7A1FC447CAF14479B29ABFF6EFFE948FAB874A281457AC7E06828A28A06213CD7E61FF00C14E7C57FDADF1C343D0D1F747A2E8885941E924F23487FF001D58EBF4ECA976DA3A9E057E30FED6FE2C1E34FDA53E216A28FE6409AA359427390238156118FF00BE0D00791AD3A9052D001451450014514500145145001451499A042115D7F86A09A1D381958ED73BA343FC23FF00AF5CFE89A6FF00695E00DFEA53E67F43E83F1AF47F0FF86B53F13DE2D9E936335F4E3AAC2BF2A0FF0068F451F5A089D48D38B94DD92EAF4467138C56C7863C23AC78C6F7ECBA458C97920E1DD46238FDDDCF0BF9E7DABDABC15FB3543079773E28BA170E307EC166C420F6793A9FA2E07BD7B5699A5D9E8F671D9D85AC5676918C2C3020551F80A763E0732E2DA187BD3C1AE7977FB3FE6FF04795780BF678D2B4131DE6BCE9ACDF03916FB48B68CFD3AB91EFC7B57AF222A22AAA8545002AA8C003D00E829D8A299F97E331D89C7D4F69899F33FC17A2E8262968A299C21451450014514500145145001451450014514500145145001451450014514500145145001451450014514500145145001451450014514500145145001451450014514500145145001451450014514500145145001451450014514500145145001411C51450053D5349B2D6ECDECF51B486FAD5FAC37081D7F23D3F0AF12F887FB2D69FAEDA4CDE1CBC3A75C1F9A3B4BB2648B776DAFF00797D39CD7BCD2119A47A583CCB178077C3CDA5DBA3F97F4CFCE8F197C37F12FC3FB8F2F5ED227B142709718DF049FEEC83E53F983ED5CDEEAFD389EDE3BA82482789278241B5E29543A30F420F07F1AF1FF1BFECB5E0DF15799369D14BE1BBE6C9DF61CC24FBC478FF00BE4AD2B1FA26078C694AD0C6C395F75B7DDBAFC4F8A01CD2D7AE78CBF65DF1B785B7CB636F1788EC979F334E3FBD03DE26F9BF2CD7935D5BCD6372F6D730C96F70870D0CC851C1F7538348FBCC2E3B0F8C8F3E1E6A5E8FF3EA8651480E68A0ED168A4A5A06145145003A1BD974DB88AF202567B6759E323A8642181FCC0AFDE3F0B6BD178ABC33A3EB703068752B282F108E84491ABFFECDFA57E0C1EA33C8AFD87FD887C57FF096FECBFE0699DF7CF616F2E972E7A868256400FF00C0365007BAD14039A2800A0F4A283D28133E49FDB766DDE21F0945FDDB3B87FCE551FD2BE6A1D2BE87FDB5E6CF8EBC3B167EE696C71F599BFC2BE79AF22B6B519FD03C36B9729A0BC9FE6C28A28AC4FA50A28A28010F4AFA43F6239B6F8A7C55167EF5842DF94C47FECD5F379E95F417EC5736CF887AEC7FDFD2B3F94C9FE35AD1FE223E6F88E3CD95575E4BF347D923A5140A2BD83F9F505145068199FAFEB50F87343D4B56B860B069F6B2DDB93D02C68CE7FF0041AFC1ABDD465D62FEEB50B825AE2F257BA909EA5A462E7F56AFD88FDB43C567C21FB3178FAE95FCB9EEEC974D84E71F3DC48B1FFE825EBF1C0000E074A00751451400514514005149484D0263A909C53EDADE6BDB94B7B7864B8B8738586152EE4FB28E6BD67C1DFB2F78DBC54239AF6DA2F0E5937265D44FEF48F6897E6FCF141C38AC6E1F071E7AF5147D7F45BB3C8B75749E0EF871E24F88171E5E85A44F7C80E1EE31B204FF007A46F947E64FB57D67E09FD967C1BE16D936A3149E24BE5C1DF7DC400FAAC4BC1FF8116AF6082DA3B582382089208231848A25088A3D001C0FC29D8F83C7F19528DE1828733EEF6FBB77F81E15F0E7F659B0D0ACE17F11DE1D46E3EFBDADA1290EEFF69FEF30EDC6057B7697A45968764969A75A43656A9D2281022FE38EBF5356C0C52D33F3DC6E658BCC1DF1136D76E9F77F4C3B514514CF3028A28A0028A28A0028A28A0028A28A0028A28A0028A28A0028A28A0028A28A0028A28A0028A28A0028A28A0028A28A0028A28A0028A28A0028A28A0028A28A0028A28A0028A28A0028A28A0028A28A0028A28A0028A28A0028A28A0028A28A0028A28A0028A28A0028A28A0028A28A0028C514501B09B7358BE27F06685E32B7F235CD22D3548F1806E6205D7E8FF787E06B6E8A438CE74E5CF0767DD68FEF3E7EF16FEC79E1DD4CBCBE1FD52F34498F2219C7DA61FD70E3F335E37E29FD987C7BE1CDEF069D16BB6EBD25D2E5DED8F78DB0DF9035F72D2119A2C7D56138A331C2E8E5CEBFBDFF0002CFF13F32F50B0BAD26E5ADEFEDA6B1B8538315CC66361F83006A1E95FA5BAB68D61AF5B98353B1B6D460231E5DDC2B20FF00C781FD2BCCBC47FB2EF8035EDED0E9D3E8B337F1E9B3945CFAEC6DCBFA0A563EBF0DC65427A6229B8BF2D57F5F23E1FCD19AFA4B5FFD8BEF63DEFA1F89ADEE07510EA56E633FF7DA123F4AF38D77F66DF887A1163FD82DA8C6BFF2D34E992707F0C86FD28B1F4F87CF32EC4E90AC93ECF4FCCF336E715FA49FF04B7F15FDBFE1A78CBC3AEFF3E99AB477B1A93D1278B07FF1F88FE75F9D3AA687A9E85218F52D3AF34F71D45D5BBC7FCC57D63FF04C3F160D2FE36EBBA1990795ACE88ECAA0F064B791641FF8EB4948F6E338CF58BB9FA78BD296901C7D28DD41A0B41E949BB34668133E2EFDB3A5DFF1474D8F3FEAF498BF596435E0C3A57B67ED813799F18B6E788F4CB51F9EF3FD6BC4C74AF1AA7C6CFE88C8572E59875FDD5F8EBFA8B45145667BC1451450021E95EEBFB1ACDE5FC57BC8F3FEB3499C7D70F19AF0BAF67FD90E6F2BE335BA76934EBA5FFC754FF4AD297C68F0B3C5CD96D75FDD7F91F718A28CE28CD7B27F3B20A46E94668241FA5033E30FF82A1F8AFF00B3BE137857C3CAF89356D64DCC880F58EDE227FF0042912BF34D78AFB23FE0A85E2D1A97C60F0CE82251E5E91A2F9CEA4E3125C4A58FE3B234AF9134AD1352D71C47A6E9F79A8B9E8B6B6EF27F21419CA718EB27629E68CD7A5687FB377C42D77691A0369D137FCB4D4A64807FDF2496FD2BD23C3FFB17DF49B5F5CF135BDB8EA62D3ADCCADFF7D3E07E94EC78B88CF32EC35F9EB2F97BCFF03E6D0735369F6175AB5D2DBD8DB4D7D70DC08ADA332393F4504D7DB3E1DFD973C01A0EC79F4E9F5A997ABEA739653FF005C2FE86BD3B49D16C340B710699616DA740063CBB4856207FEF9033F8D163E5F13C678786987A4E4FCF45FD7C8F8A3C2DFB3178F7C49B249F4E8F42B66E7CDD525D8D8FFAE6B96FCC0AF63F09FEC79E1ED3764BE20D52EF5B947260B71F66873E99E58FE62BE81029714EC7C862F8A331C568A5C8BFBBFF0006EFF1313C31E0BD0BC196E20D0F48B4D2931826DE301DBFDE7FBC7F135B58A5A283E56739549734DB6FBBD5BF9898A5A28A62DC28A28A0028A28A0028A28A0028A28A0028A28A0028A28A0028A28A0028A28A0028A28A0028A28A0028A28A0028A28A0028A28A0028A28A0028A28A0028A28A0028A28A0028A28A0028A28A0028A28A0028A28A0028A28A0028A28A0028A28A0028A28A0028A28A0028A28A0028A28A0028A28A0028A28A0028A28A0028A28A0028A28A0028A28A000D376D3A8A04D5C64D1ADC46639544B19EA920DCA7F0354744F0E693E1AF135B788B49D2AC74DD76D77793A85A5B2472A6E52AC32073904839AD1A291B53AD5A8BBD29B8FA3B1DCD9FC68F145A001E7B6BB03FE7B5B8CFE6B8ADAB4F8FF7C800BAD1EDA5F786564FD0E6BCB0F3498A0F62967B99D2F86B3F9EBF9DCF6CB5F8FDA6BE05C6937711EFE5C88E3F5C56A5BFC6FF000CCA07986F6027FBF6F9FE44D7CFE4668DB4AC7A54F8AF3386EE32F58FF958E7FF00685D3AEFC7BF132F359D161377A73DB5BC51C8488D8954C37CAD83D735E63278235E8BAE9539C7F7707F91AF6EDB46C1E9CD72CB0D193BDCFD1703E2F67383A10C3FB0A6D4525B493D3FEDE67853F8535A4EBA55D8FF00B679A88F8775618CE997633FF4C5ABDEF1EF473EA7F3A8FAA47B9EBAF1A731FB58383FFB79FF0091E083C3BAB1E9A65D9FFB62D52A78575A73C69577FF007ECD7BB73EA7F3A4233DE8FAA2EE0FC6ACC7ECE0E1FF00813FF23C463F046BD274D2A71FEF607F335E97FB3F6997BE04F89DA7EB5ACC26D34E8A09E392404391BA3217E55C93CE3A5747B68DB551C2C62EF73C9C6F8BF9CE3284E87B0A694935B49EFA7F323E81B8F8DFE19847EECDECE47F72DF03F522B2EE7E3F69899FB3E957729EDE648883FAD789628DB9AEB48FCE67C5799CF6718FA47FCEE7AADDFED017AF9FB2E8F6D17BCB3339FC862B12F3E34789EEB3E5CD6D680FFCF0B719FCDB35C2E29699E6D5CF733ABF1567F2D3F2B19FAFF8774AF15789AE3C45AC69765A9EB9701165D42EED92495822ED41923800703157628D6DE311C2A218C74488055FC8629F45078F52B55ACEF566E5EAC40314A3A51453314AC145145030A28A2800A28A2800A28A2800A28A2800A28A2800A28A2800A28A2800A28A2800A28A2800A28A2800A28A2800A28A2800A28A2800A28A2800A28A2800A28A2800A28A2800A28A2800A28A2800A28A2800A28A2800A28A2800A28A2800A28A2800A28A2800A28A2800A28A2800A28A2800A28A2800A28A2800A28A2800A28A2800A28A2800A28A2800A28A2800A28A2800A28A2800A28A2800A28A2800A28A2800A28A2800A28A2800A28A2800A28A2800A28A2800A28A2800A28A2800A28A2800A28A2800A28A2800A28A2800A28A2800A28A2800A28A2800A28A2800A28A2800A28A2800A28A2800A28A2800A28A2800A28A2800A28A2800A28A2800A28A2800A28A2800A28A2800A28A2800A28A2800A28A2800A28A2800A28A2800A28A2800A28A2800A28A2800A28A2800A28A2800A28A2800A28A2800A28A2800A28A2800A28A2800A28A2800A28A2800A28A2800A28A2800A28A2800A28A2800A28A2800A28A2800A28A2800A28A2800A28A2800A28A2800A28A2800A28A2800A28A2800A28A2800A28A2800A28A2800A28A2800A28A2800A28A2800A28A2800A28A2800A28A2800A28A2800A28A2800A28A2800A28A2800A28A2800A28A2800A28A2800A28A2800A28A2800A28A2800A28A2800A28A2800A28A2803FFD9, '管理员', 0, 10, 'Admin321!', '2025-11-14 17:27:56', '2025-11-20 15:50:55');

-- ----------------------------
-- Table structure for user_log
-- ----------------------------
DROP TABLE IF EXISTS `user_log`;
CREATE TABLE `user_log`  (
  `id` int UNSIGNED NOT NULL AUTO_INCREMENT,
  `username` varchar(255) CHARACTER SET utf8 COLLATE utf8_general_ci NOT NULL DEFAULT '',
  `path` varchar(255) CHARACTER SET utf8 COLLATE utf8_general_ci NOT NULL DEFAULT '',
  `created` datetime NOT NULL DEFAULT current_timestamp,
  `updated` datetime NOT NULL DEFAULT current_timestamp ON UPDATE CURRENT_TIMESTAMP,
  PRIMARY KEY (`id`) USING BTREE
) ENGINE = InnoDB AUTO_INCREMENT = 27 CHARACTER SET = utf8 COLLATE = utf8_general_ci ROW_FORMAT = Dynamic;

-- ----------------------------
-- Records of user_log
-- ----------------------------
INSERT INTO `user_log` VALUES (1, 'admin', '/res/ip/index', '2025-11-20 17:11:12', '2025-11-20 17:11:12');
INSERT INTO `user_log` VALUES (2, 'admin', '/res/ip/fetch', '2025-11-20 17:11:12', '2025-11-20 17:11:12');
INSERT INTO `user_log` VALUES (3, 'admin', '/base/helper/fa-icon', '2025-11-20 17:11:14', '2025-11-20 17:11:14');
INSERT INTO `user_log` VALUES (4, 'admin', '/base/navtree/index', '2025-11-20 17:12:01', '2025-11-20 17:12:01');
INSERT INTO `user_log` VALUES (5, 'admin', '/base/navtree/add', '2025-11-20 17:12:15', '2025-11-20 17:12:15');
INSERT INTO `user_log` VALUES (6, 'admin', '/base/navtree/save', '2025-11-20 17:15:59', '2025-11-20 17:15:59');
INSERT INTO `user_log` VALUES (7, 'admin', '/base/navtree/fetch', '2025-11-20 17:16:00', '2025-11-20 17:16:00');
INSERT INTO `user_log` VALUES (8, 'admin', '/base/navtree/add', '2025-11-20 17:16:03', '2025-11-20 17:16:03');
INSERT INTO `user_log` VALUES (9, 'admin', '/base/navtree/save', '2025-11-20 17:17:40', '2025-11-20 17:17:40');
INSERT INTO `user_log` VALUES (10, 'admin', '/base/navtree/fetch', '2025-11-20 17:17:40', '2025-11-20 17:17:40');
INSERT INTO `user_log` VALUES (11, 'admin', '/base/navtree/edit', '2025-11-20 17:17:46', '2025-11-20 17:17:46');
INSERT INTO `user_log` VALUES (12, 'admin', '/base/navtree/save', '2025-11-20 17:17:54', '2025-11-20 17:17:54');
INSERT INTO `user_log` VALUES (13, 'admin', '/base/navtree/fetch', '2025-11-20 17:17:54', '2025-11-20 17:17:54');
INSERT INTO `user_log` VALUES (14, 'admin', '/base/helper/fa-icon', '2025-11-20 17:17:55', '2025-11-20 17:17:55');
INSERT INTO `user_log` VALUES (15, 'admin', '/base/user-log/index', '2025-11-20 17:17:58', '2025-11-20 17:17:58');
INSERT INTO `user_log` VALUES (16, 'admin', '/base/user-log/fetch', '2025-11-20 17:17:58', '2025-11-20 17:17:58');
INSERT INTO `user_log` VALUES (17, 'admin', '/base/user-log/index', '2025-11-20 17:19:17', '2025-11-20 17:19:17');
INSERT INTO `user_log` VALUES (18, 'admin', '/base/user/get-avatar', '2025-11-20 17:19:17', '2025-11-20 17:19:17');
INSERT INTO `user_log` VALUES (19, 'admin', '/base/user-log/fetch', '2025-11-20 17:19:18', '2025-11-20 17:19:18');
INSERT INTO `user_log` VALUES (20, 'admin', '/base/user-log/index', '2025-11-20 17:19:25', '2025-11-20 17:19:25');
INSERT INTO `user_log` VALUES (21, 'admin', '/base/user/get-avatar', '2025-11-20 17:19:26', '2025-11-20 17:19:26');
INSERT INTO `user_log` VALUES (22, 'admin', '/base/user-log/fetch', '2025-11-20 17:19:26', '2025-11-20 17:19:26');
INSERT INTO `user_log` VALUES (23, 'admin', '/res/ip/index', '2025-11-20 17:19:43', '2025-11-20 17:19:43');
INSERT INTO `user_log` VALUES (24, 'admin', '/res/ip/fetch', '2025-11-20 17:19:43', '2025-11-20 17:19:43');
INSERT INTO `user_log` VALUES (25, 'admin', '/base/helper/fa-icon', '2025-11-20 17:19:45', '2025-11-20 17:19:45');
INSERT INTO `user_log` VALUES (26, 'admin', '/base/navtree/index', '2025-11-20 17:19:45', '2025-11-20 17:19:45');

SET FOREIGN_KEY_CHECKS = 1;
